ID,Meta Title EN,Meta Description EN,Slug EN,Subtitle EN,Title EN,Ecxerpt EN,Intro Button EN,Meta Title DE,Meta Description DE,Slug DE,Pretitle DE,Title DE,Ecxerpt DE,Intro Button DE,Meta Title PL,Meta Desctription PL,Slug PL,Pretitle PL,Title PL,Ecxerpt PL,Intro Button PL,Meta Title RU,Meta Description RU,Slug RU,Pretitle RU,Title RU,Ecxerpt RU,Intro Button RU,Projects Title EN,Projects Title DE,Projects Title PL,Projects Title RU,Filter City,Filter Type,"Projects (slugs, comma)",TextFirst EN,TextSecond EN,FAQ EN,TextFirst DE,TextSecond DE,FAQ DE,TextFirst PL,TextSecond PL,FAQ PL,TextFirst RU,TextSecond RU,FAQ RU,Preview Image,Parent EN,Parent DE,Parent PL,Parent RU
id,seo_metaTitle_en,seo_metaDescription_en,slug_en,landingIntro_subtitle_en,landingIntro_title_en,landingIntro_desc_en,landingIntro_button_en,seo_metaTitle_de,seo_metaDescription_de,slug_de,landingIntro_subtitle_de,landingIntro_title_de,landingIntro_desc_de,landingIntro_button_de,seo_metaTitle_pl,seo_metaDescription_pl,slug_pl,landingIntro_subtitle_pl,landingIntro_title_pl,landingIntro_desc_pl,landingIntro_button_pl,seo_metaTitle_ru,seo_metaDescription_ru,slug_ru,landingIntro_subtitle_ru,landingIntro_title_ru,landingIntro_desc_ru,landingIntro_button_ru,landingProjects_title_en,landingProjects_title_de,landingProjects_title_pl,landingProjects_title_ru,landingProjects_city,landingProjects_propertyType,landingProjects_projects_slugs,textFirst_en,textSecond_en,faq_en,textFirst_de,textSecond_de,faq_de,textFirst_pl,textSecond_pl,faq_pl,textFirst_ru,textSecond_ru,faq_ru,previewImage_path,parent_en,parent_de,parent_pl,parent_ru
properties-for-sale-paphos,Properties for Sale in Paphos – Luxury Villas & Apartments,"Explore exclusive properties for sale in Paphos — villas & apartments from developers. No agency commission. Direct purchase, zero extra fees.",properties-for-sale-paphos,Exclusive Real Estate,"Properties for Sale in Paphos, Cyprus",Looking to buy property in Paphos? We offer a wide selection of new villas and apartments directly from developers. No agency commission — you pay zero extra fees. Browse our curated listings and find your ideal home on the coast of Cyprus.,Leave a Request,,,,,,,,,,,,,,,,,,,,,,,,,,Paphos,,,"We offer a wide selection of properties for sale in Paphos — including luxury villas, contemporary apartments, and off-plan projects from trusted, well-established developers. All properties are offered directly from builders, so you pay no agency commission — you don’t pay a penny extra.

## Why Choose Property for Sale in Paphos for Investment and Living

Paphos, located on the sunny southwestern coast of Cyprus, combines Mediterranean climate, coastal lifestyle and rich cultural heritage. For many buyers — whether as a holiday home, permanent residence or investment — Paphos represents an attractive mix of comfort, convenience and long-term potential. As of 2025, the local property market remains active, with new developments and resale options available across a range of price points.

You can find everything from compact apartments to spacious villas, from hillside homes to sea-view residences — whatever your preferences and budget. 

## Types of Properties for Sale in Paphos: New Apartments, Luxury Villas, Off-Plan Projects

Our portfolio includes:

- Modern apartments — ideal for couples, small families or as holiday homes.
- Spacious villas — for buyers seeking comfort, privacy and extra space, often with gardens or private pools.
- Off-plan developments — for those who want to buy new construction directly from developers, sometimes at pre-completion prices.

With such variety, you can select a property that matches your needs: from modest 1- or 2-bedroom apartments, to multi-bedroom villas with sea view. 

## Property for Sale in Paphos: Price Overview, Market Trends and What Influences Cost

Property prices in Paphos vary based on location, property type, and overall condition. As a rough guide:

- Apartments typically start from more affordable ranges (especially more modest or older ones) and go up depending on size and amenities. 
- Villas and larger homes — especially those close to the sea or in premium areas — command higher prices.","Because our offerings come directly from developers (new builds or recent projects), you often get modern standards of construction, up-to-date infrastructure, and more predictable value.

## Buying Property for Sale in Paphos Directly from Developers: Benefits, Process and Zero Agency Commission

- No agency fees / No hidden commission: The price you see is the price you pay.
- Access to new properties and off-plan projects: You can choose among the newest developments before they’re finished — often at better value.
- Wider selection: From small apartments to large villas, from central locations to quiet hillside areas — more choice.
- Transparent process: Working directly with developers simplifies paperwork and reduces risks often associated with resale properties.

## Who Should Consider Property for Sale in Paphos: Holiday Buyers, Investors, Relocators

Buying property in Paphos can suit:

- Those looking for a holiday home in a sunny Mediterranean climate.
- Families or individuals wanting a permanent residence in Cyprus.
- Investors — due to the rental and resale demand in Paphos, real estate here can offer a stable long-term investment. 
- Buyers interested in off-plan properties, benefiting from lower entry prices and modern build standards.

## How to Choose the Best Property for Sale in Paphos: Area, Budget, Amenities

- Define your preferences — apartment or villa, number of bedrooms, preferred area (coastal, central, hillside), budget.
- Browse our curated listings of new and upcoming developments in Paphos.
- Contact us to receive full details — floor plans, specifications, payment terms.
- If required, arrange a viewing (or remote viewing for overseas clients).
- Finalize purchase directly with the developer — no extra agency fees.

We assist international clients at every stage, including paperwork, paperwork translation (if needed), and guidance on local regulations.","Can foreigners buy property in Paphos? :: Yes — Cyprus law allows foreign nationals to purchase residential real estate, including apartments, villas, land plots — directly from developers or on resale. 
$Are there new developments (off-plan) available? :: Absolutely. There are many ongoing and upcoming projects in Paphos offering apartments, villas and other property types directly from developers. 
$Do I need to pay agency commission? :: No. We sell directly from developers — so there is no agency fee, no extra commission.
$Is it possible to buy a villa with sea view or near the coast? :: Yes — among our offerings are properties located close to sea and popular coastal zones, as well as villas with sea view or beachfront access. 
$Is Paphos a good place for investment or rental? :: Yes — due to stable demand from tourists and expatriates, Paphos real estate can be a solid long-term investment or rental property. 
$What is the purchase process when buying in Paphos? :: Typical steps: choose property — sign preliminary agreement — pay deposit — finalize contract and register ownership. Many properties (especially new builds) are available off-plan, allowing more flexible payment plans.",,,,,,,,,,paphos-limassol.jpg,,,,
investment-property-paphos,Investment Property in Paphos for Sale – Best Options,"Explore investment property in Paphos: villas, apartments & off-plan projects from developers. No agency commission — zero extra fees.",investment-property-paphos,Luxury Investment,Investment Property in Paphos,"Explore investment property in Paphos with direct access to new developments, villas and apartments from top developers. No agency commission — you pay nothing extra. Strong rental demand, capital growth and stable long-term returns make Paphos one of Cyprus’ most attractive investment destinations.",Leave a Request,,,,,,,,,,,,,,,,,,,,,,,,,,Paphos,,,"We sell investment property in Paphos, offering a wide range of high-quality apartments, villas and off-plan developments directly from trusted developers. Our clients never pay agency commission — the purchase price remains exactly as set by the developer, with no additional fees or hidden costs. This makes the process transparent, secure and highly profitable for international buyers seeking reliable real estate opportunities in Cyprus.

## Why Investors Choose Paphos for Real Estate: Market Stability, Rental Demand and Long-Term Growth

Paphos has become one of the most sought-after regions for real estate investment in Cyprus thanks to its combination of stable market performance, attractive rental returns and strong demand from both tourists and relocating families. The city offers a pleasant climate, well-developed infrastructure, international schools, a modern airport and a high quality of life, making it suitable for short-term rentals, long-term rentals and capital-growth strategies.

For buyers searching specifically for investment property Paphos, the market offers excellent diversity — from affordable apartments aimed at rental income to luxury villas with strong resale potential. Tourism activity in Paphos supports year-round demand for rental accommodation, especially in coastal districts and resort areas. As a result, both holiday-let and long-let models remain highly attractive for investors.

## Types of Investment Property in Paphos: Apartments, Villas, Townhouses and Off-Plan Projects

Our portfolio includes a wide selection of investment-grade real estate suitable for different strategies:

- Modern apartments ideal for buy-to-let investors seeking stable occupancy rates.
- Luxury villas offering attractive long-term appreciation and premium rental potential.
- Off-plan investment property in Paphos, which allows buyers to enter the market at an early stage with flexible payment plans.
- Small residential complexes and boutique developments suitable for diversified investment portfolios.

Whether you're targeting short-term holiday rentals, long-term residential tenants or long-horizon capital growth, Paphos provides properties that fit each investment strategy.","## Investment Property Paphos: Price Factors, ROI and What Influences Profitability

The profitability of investment property in Paphos depends on location, property type, distance to the sea and the level of amenities offered by the development. Apartments near tourist zones such as Kato Paphos or the Universal area show consistently high occupancy, making them ideal for rental-focused investors.

Capital appreciation is strongest in newly developed districts, master-planned communities and areas experiencing infrastructure upgrades. Off-plan projects often have the highest potential for return on investment due to phased payment structures and lower initial purchase prices.

## Buying Investment Property in Paphos Directly from Developers – Zero Commission, Transparent Process

One of the biggest advantages of working with us is that you do not pay agency fees. You are purchasing directly from the developer, which guarantees:

- transparent pricing without markups,
- full access to official documentation,
- modern construction standards,
- warranties provided directly by the builder.

This structure is especially beneficial for investors comparing profitability — the absence of commission saves thousands of euros and increases your effective ROI.

## Is Paphos Suitable for International Real Estate Investors? Absolutely.

Paphos appeals to investors from the UK, EU, Middle East and beyond. It offers residency opportunities through property ownership, a safe and stable environment, a strong expat community and excellent connectivity via Paphos International Airport. Many investors purchase properties remotely, with online viewings, document transparency and full legal support.

## How to Choose the Best Investment Property in Paphos

When selecting the right option, consider:

- proximity to beaches, amenities and transport,
- likelihood of strong rental demand,
- projected capital growth of the area,
- developer reputation and construction quality,
- your preferred investment horizon.

Our team helps investors analyze each project, compare yields and identify the most promising properties based on your budget and goals.","Is Paphos a good place to invest in real estate? :: Yes. Paphos offers strong rental demand, stable price growth and a diversified property market suitable for investors of all levels.
$Do I pay agency commission when buying through you? :: No. You pay zero commission — the property is sold directly from the developer.
$Can I invest in off-plan developments in Paphos? :: Yes. Off-plan projects are popular among investors thanks to flexible payments and lower entry prices.
$What type of investment property performs best in Paphos? :: Apartments near tourist areas and modern villas with sea views typically deliver the highest rental yields.
$Is remote purchase possible? :: Absolutely. Many overseas investors complete the entire process remotely with full legal support.
$Are rental returns strong in Paphos? :: Yes — due to year-round tourism and demand from expats, rental returns remain competitive compared to other Mediterranean destinations.",,,,,,,,,,paphos-limassol.jpg,,,,
property-for-sale-limassol,Property for Sale Limassol – Villas & Apartments from Developers,"Discover premium property for sale Limassol — new build apartments and villas from developers. No agency commission. Direct purchase, zero extra fees.",property-for-sale-limassol,Exclusive Real Estate,"Property for Sale in Limassol, Cyprus",Looking for property for sale in Limassol? We offer a curated selection of new apartments and luxury villas directly from developers. No agency commission — zero extra costs. Find your ideal home in Limassol today.,Leave a Request,,,,,,,,,,,,,,,,,,,,,,,,,,Limassol,,,"We sell property for sale in Limassol — a wide selection of new apartments, luxury villas, houses and coastal residences directly from trusted developers. Our clients pay no agency commission — what you see is what you pay, with no hidden fees or extra costs.

## Why Limassol is a Top Choice for Buyers of Property for Sale Limassol: Lifestyle, Location, Demand

Limassol is one of the most dynamic and sought-after real estate markets in Cyprus. As of 2025, it remains at the top end of the market thanks to strong demand from international buyers and investors, and an active domestic market. 

The city offers a high standard of living, Mediterranean climate, beautiful coastline, developed infrastructure and excellent transport connections. Thanks to its cosmopolitan vibe, coastal districts and wide range of amenities, Limassol is perfect for both permanent residence and holiday homes.

Because of these advantages, many buyers look for “property for sale Limassol” — from affordable apartments to premium villas — depending on their budget and goals.

## Types of Property for Sale in Limassol: Apartments, Villas, New Builds and Coastal Homes

Our portfolio includes:

- Modern apartments for sale in Limassol — ideal for singles, couples, small families or investors seeking rental properties.
- Spacious villas and houses — for those looking for privacy, comfort, larger space, often with garden or private pool.
- New build developments and new projects — from studio and 1-bedroom flats to luxury multi-bedroom homes, often with modern amenities and ready for immediate use.
- Coastal and sea-view properties — villas or apartments located near the sea or offering view of the Mediterranean.

No matter what you are looking for — modest apartment, family home or luxury villa — we offer a variety of options to match your preferences and budget.","## Price Range for Property for Sale in Limassol & What Affects Price

Prices in Limassol vary significantly depending on location, proximity to sea, type of property and building status. According to recent data, average apartments may cost around €400,000, while houses tend to have higher average depending on location. 

Premium coastal villas and sea-view apartments command higher prices due to demand from foreign buyers and the prestigious appeal of coastal living.

New build developments and properties directly from developers often offer better value and modern standards, which can be especially attractive for buyers seeking long-term investment or holiday homes.

## Advantages of Buying Property for Sale in Limassol Direct from Developers — Zero Commission, Transparency and Quality

When you purchase with us:

- You pay no agency commission — the price set by the developer is final, with no hidden costs.
- You get access to new build and off-plan projects, often at favorable pre-completion prices.
- You benefit from modern construction standards, guarantees and quality control from developers.
- Transparency and reliability — direct documentation and straightforward legal procedures, especially important for international buyers.

These advantages significantly increase the value for money and make purchasing in Limassol more attractive compared to resale properties.

## Who Is Looking for Property for Sale in Limassol: Investors, Expats, Holiday Buyers, Families

Limassol appeals to various types of buyers:

- Investors, seeking rentals or long-term capital growth — due to stable demand and popularity among expatriates and holidaymakers.
- Expats or foreign buyers, attracted by Cyprus’s favorable climate, coastline, security and European lifestyle.
- Families desiring comfortable permanent residence with infrastructure, schools and amenities.
- Holiday home buyers — for seasonal stays, summer vacations, rental during holidays or long-term letting.

Whether you are seeking a home, investment or holiday retreat, Limassol offers a versatile and rich real estate market.

## How to Choose the Right Property for Sale in Limassol — Tips & What to Consider

Before you decide, it’s worth considering:

- Location — coastal vs inland, proximity to sea, infrastructure, amenities;
- Property type and size — apartment, villa, number of bedrooms, layout;
- Status of building — new build, off-plan, ready-to-move;
- Purpose — permanent residence, holiday home, rental income or capital investment;
- Budget and long-term plans — cost, maintenance, expected returns (for rental or resale).

We assist our clients at every step. From selection and viewings (physical or remote) to documentation, legal procedures and final purchase — we ensure clarity, professionalism and full support.","Can foreign buyers purchase property in Limassol? :: Yes — non-residents (foreign nationals) can buy property in Limassol, both apartments and villas, directly from developers or on resale.
$Is it possible to buy a villa or apartment near the sea? :: Yes — our portfolio includes coastal properties and sea-view apartments/villas in Limassol and nearby districts.
$Are there new build apartments and villas for sale in Limassol now? :: Absolutely. Many new developments and off-plan projects are currently available, offering modern standards and flexible payment plans.
$Do I need to pay agency commission when buying through your company? :: No. We sell directly from developers — so you pay zero commission, no extra fees.
$Can I buy real estate in Limassol remotely (from abroad)? :: Yes — international buyers often purchase remotely. We provide full assistance with documentation, translation (if needed), legal support, and remote viewings.
$Is Limassol good for investing or rental purposes? :: Yes. Due to high demand from expats, holiday renters and long-term residents, properties in Limassol — especially apartments and coastal villas — can offer good rental yield and long-term capital growth.",,,,,,,,,,paphos-limassol.jpg,,,,
apartments-limassol,Apartments Limassol for Sale – New & Sea-View Flats,Browse apartments Limassol: new-build and sea-view flats directly from developers. No agency commission. Your ideal Limassol home awaits.,apartments-limassol,Luxury Apartments,Apartments in Limassol for Sale,"Looking for apartments in Limassol for sale? We offer a wide selection of new-build and sea-view flats directly from developers. No agency commission — buy with zero extra fees. Explore affordable studios, 1-2-bedroom flats or luxury penthouses in prime locations.",Leave a Request,,,,,,,,,,,,,,,,,,,,,,,,,,Limassol,,,"We sell apartments in Limassol for sale, offering a diverse portfolio of new-build flats, ready apartments and sea-view homes — all directly from trusted developers. Our customers pay no agency commission — the price you see is the final price, no hidden fees or extra charges.

## Why Choose Apartments Limassol for Sale: Location, Lifestyle and Market Demand

Limassol remains one of the most active and attractive real estate markets in Cyprus. According to 2025 data, apartments in Limassol are widely available — from budget-friendly to luxury-class — allowing buyers to select flats that match their lifestyle and budget preferences. 

The city — with its Mediterranean climate, coastline, developed infrastructure and modern amenities — appeals to a broad audience: expatriates, holiday-home seekers, families and investors alike. Sea-view apartments and coastal flats are especially popular among those looking for a home with scenic views or a holiday retreat.

## What Types of Apartments for Sale in Limassol We Offer

In our listings you will find:

- Compact studio and 1-bedroom apartments — ideal for singles, couples or as holiday homes.
- 2-bedroom flats — a balanced option for small families or rental investments.
- Spacious 3- and more–bedroom flats and penthouses — for families, comfort seekers or investors interested in long-term value.
- Sea-view and beachfront apartments — for those who want to live close to the coast or have a holiday home by the sea.
- New-build and off-plan apartments — purchase directly from developers, often with modern finishing and attractive payment terms.

This wide variety ensures we have options both for first-time buyers and for clients seeking premium real estate or investment properties.

## Price Range and What Affects Apartment Prices in Limassol

Apartment prices in Limassol vary depending on location, size, floor, proximity to sea and type (new build vs resale). According to recent listings, the median apartment price is around €500 000–€634 000, with lower-priced options available for studios or smaller flats and premium pricing for sea-view or luxury apartments. 

Smaller flats (studio or 1–2 bedrooms) remain among the most affordable and attractive for buyers looking for entry-level homes or rental investments. Sea-view or coastal flats — due to location and demand — command higher prices but offer lifestyle and potential value appreciation.","## Advantages of Buying Apartments in Limassol Directly from Developers — No Commission, Transparency, Quality

By purchasing through us you get:

- No agency commission — direct purchase from developers means no extra fees above listed price.
- Access to new-build and off-plan apartments — often with modern design, guarantees, and the possibility of early purchase at lower prices.
- Wide selection — from compact flats to luxury penthouses, across different budgets and preferences.
- Transparent buying process — official documentation, clear legal framework, support for international clients.

This approach is particularly attractive for foreign buyers seeking reliability, clarity, and value for money.

## Who Benefits from Apartments in Limassol for Sale — Buyers, Investors, Holiday-Home Seekers, Renters

Our offering suits different types of clients:

- First-time buyers or individuals seeking affordable apartments or small flats.
- Families desiring 2–3+ bedroom apartments in safe, comfortable areas.
- Holiday-home seekers looking for sea-view or coastal flats for seasonal stays or vacation rentals.
- Investors interested in buy-to-let apartments or long-term rentals — especially in high-demand zones or near the sea.
- Expats and foreign buyers wanting permanent residence or second homes in Cyprus, with easy purchase process and no extra commissions.

## How to Choose the Right Apartment in Limassol — What to Consider

When browsing apartments for sale in Limassol, think about:

- Purpose of purchase: permanent residence, holiday home, rental investment, resale.
- Size and layout: studio, 1-bedroom, 2-3+ bedroom depending on needs.
- Location: coastal vs inland, proximity to sea, infrastructure, amenities, public transport.
- Type of building: new build, off-plan, ready-to-move, resale.
- Budget and expected return (if buying to let or invest).

We assist with consultation, selection, viewing (physical or remote) and full legal support for international clients — ensuring a smooth and transparent purchase from start to finish.","Can foreigners buy an apartment in Limassol? :: Yes — foreign nationals can purchase apartments in Limassol, both new-builds and resale properties.
$Are there affordable apartments in Limassol under €300,000? :: Yes — there are compact flats (studios or 1-bedroom) and smaller 2-bedroom apartments available at lower budgets.
$Is it possible to buy a sea-view or beachfront apartment? :: Yes — our portfolio includes sea-view, coastal and beachfront apartments and flats.
$Do I pay agency commission when buying through your company? :: No — we sell directly from developers, so there is no commission, no hidden fees.
$Can I use an apartment for rental or investment purposes? :: Absolutely — many of our apartments are suitable for holiday rentals, long-term leases or as buy-to-let investments.
$Can I complete the purchase remotely (from abroad)? :: Yes — we provide full support for international buyers, including documentation, legal assistance, remote viewings and guidance on local procedures.",,,,,,,,,,limassol.jpg,,,,
villas-limassol-for-sale,Villas Limassol for Sale – Luxury & New-Build Villas,"Find villas Limassol for sale — luxury, sea-view, new-build homes from developers. No agency commission, direct purchase, zero extra fees.",villas-limassol,Luxury Villas,Villas in Limassol for Sale,"Looking for villas Limassol for sale? We offer a curated selection of new-build and luxury villas directly from developers. No agency commission — buy with zero extra costs. From cozy villas to sea-view luxury houses, find your dream home in Limassol now.",Leave a Request,,,,,,,,,,,,,,,,,,,,,,,,,,Limassol,,,"We sell villas in Limassol, offering a carefully selected range of newly built residences, modern family homes and luxury coastal villas directly from reputable developers. When you purchase through us, you never pay an agency commission — the developer’s price is final, with no mark-ups or hidden fees. This makes the buying process more transparent, more secure and far more cost-effective for international and local clients.

## Why Villas Limassol Appeal to Homebuyers and Investors Alike

Limassol has long been one of Cyprus’s most desirable locations for villa buyers thanks to its vibrant lifestyle, international community, beautiful coastline and strong year-round demand for quality residential properties. Whether someone is looking for a permanent home, a holiday base or an investment with strong long-term potential, Limassol offers a wide range of attractive options.

The local real estate market includes hundreds of available villas — from compact homes in residential suburbs to high-end architectural residences positioned near the shoreline. Many buyers focus on villas Limassol because the city combines modern urban living with easy access to beaches, restaurants, marinas, parks and schools, making it ideal for both families and second-home owners.

## Types of Villas for Sale in Limassol: From Modern Builds to Sea-View Residences

Our collection of villas in Limassol includes options suitable for all lifestyles and budgets:

- Contemporary detached villas designed for privacy and comfort, often featuring landscaped gardens, large terraces and private parking.
- Luxury villas with premium finishes, smart-home technology, high ceilings and open-plan layouts.
- Sea-view and coastal villas, offering panoramic views of the Mediterranean and convenient access to beaches.
- New-build and off-plan projects, ideal for buyers who want a modern home with the latest construction standards and the possibility to choose finishes or layouts during development.
- Family-oriented villas with multiple bedrooms, outdoor areas and proximity to schools, shops and daily amenities.

Because the city’s neighbourhoods vary in character — from peaceful hillside suburbs to vibrant coastal districts — buyers can choose a villa that matches their lifestyle perfectly.

## Understanding Villa Prices in Limassol and What Shapes the Market

The price of a villa in Limassol depends largely on four factors: location, plot size, construction quality and distance to the sea. Premium coastal districts and hillside areas with open sea views naturally command higher values, while emerging residential areas offer more affordable options without compromising on comfort.

Newly built villas tend to attract buyers who want energy-efficient homes, modern architectural design and warranties from the developer. Villas in central or coastal zones generally appeal to investors aiming for strong rental returns, while homes further inland often provide more space at a lower cost — ideal for families or long-term living.

Regardless of the price range, the villas Limassol market remains stable and competitive, supported by international demand and continuous development across the region.","## Why Buy a Villa in Limassol Directly From Developers – The Clear Benefits

Purchasing a villa through our company ensures a smooth and cost-efficient experience:

- No agency commission — you pay exactly what the developer sets.
- Direct access to new-build and off-plan villas, often with attractive payment structures.
- Full transparency — all documents, contracts and guarantees come straight from the developer.
- High construction standards and modern design, especially in newer developments.
- A wide variety of locations and villa types, ensuring that every buyer can find the right match.

Buying directly from the developer eliminates misunderstandings, speeds up the process and significantly reduces costs — an important advantage for international purchasers.

## Who Benefits Most From Buying a Villa in Limassol

Villas in Limassol attract a broad range of buyers:

- Families looking for space, privacy and a comfortable environment for daily living.
- Holiday-home buyers who want a second residence by the sea, with warm weather year-round.
- Investors interested in rental demand, long-term capital appreciation or vacation-rental opportunities.
- Relocating professionals and expats who value Limassol’s safety, international schools, business opportunities and coastal lifestyle.

Thanks to its infrastructure, beaches, cultural life and warm climate, Limassol appeals to both long-term residents and seasonal visitors.

## How to Choose the Right Villa in Limassol – Practical Guidance

Before selecting a villa, consider:

- Location and surroundings — whether you prefer a coastal home, a quiet hillside area or a central district.
- Size and layout — number of bedrooms, outdoor areas, terraces, usable space and overall design.
- Construction type — new-build, off-plan or recently completed homes.
- Purpose of purchase — personal use, rental income, long-term investment or retirement living.
- Budget and expected maintenance costs — villas vary significantly in upkeep depending on size, facilities and land area.

We assist with every stage — from identifying suitable villas to arranging viewings (in-person or remote), reviewing documents and guiding you through the entire purchasing process.","Can foreigners buy villas in Limassol? :: Yes. International buyers can legally purchase villas in Limassol, including new-build and off-plan homes.
$Do buyers pay agency commission through your company? :: No. All villas are offered directly from developers — you do not pay any commission.
$Are sea-view or beachfront villas available? :: Yes, we regularly offer villas with panoramic sea views, coastal access or beachfront locations.
$Are villas in Limassol suitable for rental investment? :: Absolutely. Many buyers choose villas for short-term holiday rentals or long-term leasing due to high demand.
$Can the purchase be completed remotely? :: Yes. We support international clients with remote viewings, legal coordination and secure online document handling.
$Do new-build villas come with warranties? :: Yes — developers typically provide construction guarantees and quality certifications.",,,,,,,,,,paphos-limassol.jpg,,,,
investment-properties-limassol,Investment Properties in Limassol – No Agency Fee & Golden Visa,Buy investment properties in Limassol directly from developers. No agency fee for buyers. Property management & Cyprus Golden Visa options available.,investment-properties-limassol,Direct sales,Investment Properties in Limassol,"Discover investment properties in Limassol — luxury apartments and villas from top developers. No agency commission, property management, and Golden Visa benefits for investors.",Leave a Request,,,,,,,,,,,,,,,,,,,,,,,,,,Limassol,,,"## About Our Limassol Investment Properties

At Cyprus VIP Estates, we specialize in the sale of premium investment properties in Limassol — modern apartments, luxury villas, and exclusive off-plan projects located in the most desirable areas of the city.

All properties are offered directly from developers, ensuring transparent pricing and the best possible investment terms.

When purchasing through us, you pay zero agency commission. Our services are entirely free for the buyer — we receive compensation directly from the developer.

Limassol has become one of the most dynamic real estate markets in Europe, attracting investors seeking stable returns, a growing property sector, and a luxurious Mediterranean lifestyle.

## Why Invest in Limassol? The Economic and Lifestyle Advantages

Limassol is the business and cultural capital of Cyprus — a city that combines a thriving economy, stunning coastline, and international living standards. It’s home to the island’s largest marina, a new cruise terminal, tech companies, and global financial institutions.

For investors, Limassol offers a combination of rental income, long-term capital appreciation, and EU residency opportunities. With a strong demand for high-end rentals among expats and business professionals, rental yields often exceed 5–7% per year.

Key advantages for property investors include:

- Continuous demand for luxury apartments and villas;
- Rapidly developing infrastructure and business hubs;
- Low property taxes and favorable investment environment;
- Easy access to the Golden Visa program.

## Types of Investment Properties in Limassol

Limassol offers a wide range of investment options suitable for different budgets and strategies:

### Luxury Apartments

Modern sea-view apartments in high-rise towers or gated complexes are perfect for short-term rentals and long-term appreciation. Many come with full property management and rental programs.

### Villas and Houses

High-end villas in coastal areas like Agios Tychonas, Amathus, or Germasogeia appeal to investors seeking exclusivity, privacy, and steady capital growth.

### Off-Plan and New Developments

Investing early in off-plan projects provides significant capital gain potential — properties often increase in value by 15–25% before completion.

## No Agency Fee – Buy Directly from Developers

Unlike traditional agencies, Cyprus VIP Estates does not charge buyers any commission.
You buy directly from verified developers at the official developer’s price — with full legal support and assistance throughout the entire process.

This means:

- No hidden fees or markups;
- Transparent purchase agreements;
- Direct developer pricing advantage.","## High Rental Yields and Capital Appreciation

The Limassol real estate market consistently delivers one of the highest investment returns in the Eastern Mediterranean. The combination of limited land availability, premium coastal locations, and increasing international demand creates ideal conditions for investors.

## Golden Visa and Residency Benefits

Investing in Cyprus property worth €300,000 or more provides access to the Cyprus Golden Visa — a fast-track permanent residency program for investors and their families.

Benefits include:

- Legal residency in the EU for you and your dependents;
- Freedom to travel within the Schengen area;
- No requirement to live permanently in Cyprus;
- Pathway to citizenship after several years of residency.

## Property Management and After-Sales Services

We provide full property management services, ensuring a stress-free experience for overseas investors. Our team handles:

- Tenant selection and rental agreements;
- Property maintenance and repairs;
- Payment collection and accounting;
- Marketing and listing management.

With us, your property continues to generate income — even when you’re abroad.

## How to Buy Investment Property in Limassol

Buying property with Cyprus VIP Estates is simple and transparent:

- Choose a property or request a custom selection;
- Review developer’s terms and payment plan;
- Sign reservation and legal documents;
- Transfer funds and complete registration;
- Receive keys — and optional property management begins.

Why Choose Cyprus VIP Estates

- Direct collaboration with top developers across Cyprus;
- No agency commission for buyers;
- Full legal and after-sales support;
- Expertise in investment consulting and Golden Visa applications;
- Tailored property selection based on your investment goals.

## Conclusion

Investing in Limassol property offers exceptional opportunities for both rental income and long-term growth.

Whether you’re looking for a modern apartment, a luxury villa, or an off-plan development, Cyprus VIP Estates provides direct access to verified developers, no agency fees, full property management, and Golden Visa benefits.

Start your Cyprus investment journey today — explore our listings or contact us for a tailored portfolio consultation.","Do I pay a commission when buying property through Cyprus VIP Estates? :: No, buyers pay zero commission — all properties are offered directly from developers.
$What is the average rental yield for investment properties in Limassol? :: Depending on the location and property type, yields range from 4% to 7% annually.
$Can I get Cyprus residency by buying property? :: Yes, investments over €300,000 qualify for the Cyprus Permanent Residency (Golden Visa) program.
$Is property management included? :: Yes, we offer comprehensive property management services for all our clients.
$Are there taxes on property income in Cyprus? :: Cyprus has one of the most favorable tax regimes in the EU, with low income and property taxes.
$Can foreign investors from the UK or UAE buy property in Limassol? :: Absolutely — there are no restrictions for foreign buyers, and all purchases are fully protected by Cypriot law.",,,,,,,,,,elite-paphos-limassol.jpg,,,,
sea-view-properties-limassol,Sea-view Properties in Limassol – Apartments & Villas on the Coast,"Discover sea-view properties in Limassol — luxury apartments and villas on the coast. Buy directly, no agency fee. Perfect for investment or holiday home.",sea-view-properties-limassol,Coastal living & investment,Sea-view Properties in Limassol for Sale,"Explore exclusive sea-view properties in Limassol — apartments and villas facing the Mediterranean, ideal for investment, holiday rental or permanent residence. No agency fees and full after-sales support.",Leave a Request,,,,,,,,,,,,,,,,,,,,,,,,,,Limassol,,,"## Sea-view Properties in Limassol — Direct Sales from Developers

At Cyprus VIP Estates, we present an exceptional selection of sea-view properties in Limassol — from high-rise apartments overlooking the Mediterranean to private coastal villas surrounded by palm-lined promenades. All our listings come directly from developers, ensuring transparent pricing, verified ownership, and zero agency commission for buyers.

Limassol is Cyprus’s most dynamic coastal city, where lifestyle meets investment potential. With its vibrant marina, fine-dining scene, and strong rental demand, Limassol’s seafront property market attracts both international investors and those seeking a second home by the sea.

## Why Choose a Seaview Property in Limassol

Owning a seaview property in Limassol means combining financial stability with an enviable Mediterranean lifestyle. The city offers:

- Prime coastal locations with limited availability, ensuring long-term value growth;
- Consistent rental demand from professionals, expatriates, and tourists;
- Exceptional infrastructure, including international schools, luxury marinas, and business centers;
- Mild climate and 320 days of sunshine per year, perfect for beachfront living.

For investors, seafront apartments and villas represent not only high-end living but also strong capital appreciation and rental yields reaching 5–7% annually in prime areas such as Limassol Marina, Agios Tychonas, and Germasogeia.

## Types of Sea-view Properties in Limassol

Whether you are looking for a modern apartment or a luxury villa, Limassol offers a wide range of sea-view real estate options to suit every investment strategy.

### Sea-view Apartments in Limassol

Sleek and modern, these properties feature panoramic windows, spacious terraces, and premium amenities such as pools, gyms, and 24/7 concierge services. They are ideal for buy-to-let investors, offering consistent rental income and strong resale potential. Popular locations include Limassol Marina, Old Town, and Amathus.

### Sea-view Villas in Limassol

Private and elegant, sea-view villas provide direct access to the coast and are often located in prestigious neighborhoods like Agios Tychonas or Mouttagiaka. These homes combine privacy, comfort, and exclusivity, making them perfect for families, long-term relocation, or short-term luxury rentals.

### Off-plan Sea-view Projects

For investors seeking early opportunities, off-plan developments offer lower entry prices and significant capital appreciation potential — often 20–30% by project completion.

## Buy Seaview Property in Limassol with No Agency Fee

When purchasing through Cyprus VIP Estates, you benefit from our no agency fee policy. We collaborate directly with Cyprus’s most reputable developers, meaning buyers pay no commission or extra costs.

All transactions are transparent, legally verified, and supported by our in-house property consultants and legal partners.

## Strong Investment Potential — Rental Yields & Market Growth

Seaview properties in Limassol have consistently shown higher rental yields than inland real estate.
Due to limited coastal supply and rising international demand, investors enjoy both steady cash flow and long-term capital appreciation.

Holiday rentals are particularly profitable — seafront apartments in Limassol Marina or coastal areas achieve premium daily rates, especially during peak tourist seasons.

For long-term investors, the city’s continuous infrastructure development — including new marinas, business centers, and luxury resorts — keeps driving property values upward year after year.","## Golden Visa & Residency Opportunities

Investing in a seaview property in Limassol worth €300,000 or more qualifies you for the Cyprus Golden Visa — one of Europe’s most attractive residency-by-investment programs. Benefits include:

- Permanent EU residency for you and your family;
- No requirement to reside permanently in Cyprus;
- Full property ownership and inheritance rights;
- The possibility of applying for citizenship after several years.

This makes Limassol especially appealing for investors from the UK, Scandinavia, Israel, and the UAE seeking a secure and sunny base in Europe.

## Comprehensive Property Management Services

Owning a seaview property abroad should be effortless. That’s why Cyprus VIP Estates offers complete property management services — including tenant placement, rental administration, maintenance, and financial reporting.

Our team ensures your apartment or villa remains in perfect condition and generates income even when you are away.

## Top Locations for Seaview Property in Limassol

- Limassol Marina – Ultra-luxury apartments and penthouses with direct yacht access;
- Agios Tychonas – Coastal villas with panoramic sea views and resort amenities;
- Germasogeia – Popular residential district with strong rental demand;
- Amathus – Exclusive beachfront resorts and high-end developments;
- Old Town & Promenade – Perfect mix of heritage, culture, and modern seafront living.

## Why Choose Cyprus VIP Estates

- Direct cooperation with top developers across Cyprus;
- No agency fee or hidden charges for buyers;
- Legal assistance and after-sales support;
- Personalized property recommendations;
- Expertise in Golden Visa and investment consultancy.

With us, investing in seaview property in Limassol becomes simple, transparent, and rewarding.

## Conclusion

Buying a seaview property in Limassol is more than just owning real estate — it’s securing a valuable asset in one of the Mediterranean’s most prestigious coastal cities.

Whether your goal is investment, lifestyle, or both, Cyprus VIP Estates offers you verified projects, no agency fees, expert guidance, and access to the best sea-view apartments and villas across Limassol.

Start exploring today — your Mediterranean seaview home awaits.","Do you charge a commission to buyers? :: No, buyers pay zero commission — all sea-view properties are sold directly from developers.
$Are sea-view apartments in Limassol a good investment? :: Yes, they offer strong rental demand and capital appreciation, particularly in coastal areas like Marina and Agios Tychonas.
$Can foreigners buy property in Limassol? :: Absolutely — Cyprus allows full foreign ownership of residential real estate, with legal protection for all investors.
$What are the typical rental yields for seaview property in Limassol? :: Depending on the location, yields range between 4% and 7% per year.
$Can a property purchase qualify me for the Golden Visa? :: Yes, any property over €300,000 qualifies you for Cyprus’s Permanent Residency (Golden Visa) program.
$Do you offer property management for overseas investors? :: Yes, we handle complete property management and rental services for all clients.",,,,,,,,,,limassol.jpg,,,,