ID,Publication Date,Title EN,Meta Title EN,Meta Desctiption EN,Excerpt EN,Slug EN,Title DE,Meta Title DE,Meta Desctiption DE,Excerpt DE,Slug DE,Title PL,Meta Title PL,Meta Desctiption PL,Excerpt PL,Slug PL,Title RU,Meta Title RU,Meta Desctiption RU,Excerpt RU,Slug RU,Location Lat,Location Long,City,Property Type,Bedrooms,Covered Area,Plot Size,Completion Date,Price,Beach,Restaurants,Shops,Airport,Hospital,School,Center,Golf,Description EN,Description DE,Description PL,Description RU,Preview Image,Images,Developer DE,Developer PL,Developer EN,Developer RU,Video ID,Video Preview,Full Description EN,Full Description DE,Full Description PL,Full Description RU,FAQ EN,FAQ DE,FAQ PL,FAQ RU
id,publishedAt,title_en,seo_metaTitle_en,seo_metaDescription_en,excerpt_en,slug_en,title_de,seo_metaTitle_de,seo_metaDescription_de,excerpt_de,slug_de,title_pl,seo_metaTitle_pl,seo_metaDescription_pl,excerpt_pl,slug_pl,title_ru,seo_metaTitle_ru,seo_metaDescription_ru,excerpt_ru,slug_ru,location_lat,location_lng,keyFeatures_city,keyFeatures_propertyType,keyFeatures_bedrooms,keyFeatures_coveredArea,keyFeatures_plotSize,completionDate,keyFeatures_price,distances_beach,distances_restaurants,distances_shops,distances_airport,distances_hospital,distances_school,distances_cityCenter,distances_golfCourt,description_en,description_de,description_pl,description_ru,previewImage_path,images_paths,developer_de,developer_pl,developer_en,developer_ru,videoId,videoPreview_path,fullDescription_en,fullDescription_de,fullDescription_pl,fullDescription_ru,faq_en,faq_de,faq_pl,faq_ru
aquila-villas-domenica,2025-11-28T10:40Z,Aquila Villas,Buy Luxury Villas in Paphos | Aquila Villas for Sale Cyprus,"Aquila Villas – luxury 3-bedroom villas for sale in Tala, Paphos. Buy your sea-view home in Cyprus with no agency fees. Modern design & private pools.","Aquila Villas in Tala offers 9 elite 3-4 bedroom villas with panoramic sea views, private pools, and underfloor heating. Located minutes from Paphos center and golf courses.",aquila-villas-domenica,Aquila Villas,Luxusvillen in Paphos kaufen | Aquila Villas Zypern,"Aquila Villas – exklusive Luxusvillen in Tala, Paphos zu verkaufen. Kaufen Sie Ihre Villa mit Meerblick auf Zypern. Keine Maklergebühr.","Aquila Villas in Tala bietet 9 elitäre 3-4-Zimmer-Villen mit Panoramablick aufs Meer, privaten Pools und Fußbodenheizung. Nur Minuten vom Zentrum von Paphos und Golfplätzen entfernt.",aquila-villas-domenica,Aquila Villas,Kup luksusową willę w Pafos | Aquila Villas Cypr,"Aquila Villas – luksusowe wille na sprzedaż w Tala, Pafos. Kup dom z widokiem na morze na Cyprze. Bez prowizji dla agencji.","Aquila Villas w Tala oferuje 9 elitarnych willi z 3-4 sypialniami, panoramicznym widokiem na morze, prywatnymi basenami i ogrzewaniem podłogowym. Minuty od centrum Paphos i pól golfowych.",aquila-villas-domenica,Aquila Villas,Купить виллу в Пафосе | Aquila Villas на Кипре,"Aquila Villas — роскошные виллы в Тале, Пафос. Продажа без комиссии. Современный дизайн, бассейн и вид на море. Прямая покупка у застройщика.","Aquila Villas в Тале предлагает 9 элитных вилл с 3-4 спальнями, панорамным видом на море, частными бассейнами и подогревом полов. В минутах от центра Пафоса и полей для гольфа.",aquila-villas-domenica,34.84384885820795,32.422490084659344,Paphos,Villa,3,212,685-820,04-2026,855000,15,6,4,22,6,6,13,15,"Aquila Villas is an exclusive boutique development comprising just nine two-storey luxury villas, each positioned to capture sweeping panoramic views over Paphos and Peyia Bay. Set in Tala, one of the most prestigious and sought-after residential areas in Paphos, these villas offer expansive interiors thoughtfully planned to showcase the striking sea and mountain vistas from virtually every angle. Buyers can choose from three- or four-bedroom configurations, all crafted with modern architectural aesthetics and enriched with locally sourced materials that blend effortlessly into the surrounding landscape.

Ideally located, the project is just nine minutes from Paphos city center, the Tala golf course, and the Mediterranean shoreline, while the heart of Tala village is only four minutes away. Tala is located just 7 km north of Paphos and sits in a picturesque natural environment, surrounded by the nearby villages of Emba, Kissonerga, Tremithousa, Tsada, and Koili. The renowned Coral Bay Beach is just a 10-minute drive away, while Paphos International Airport can be reached in about 20 minutes. The village is divided into four main areas — Stefani, Lofos, Kamares, and Melissovounos — and is widely regarded as one of the best-maintained and most charming communities in the region.

Each villa is set on a generous, detached plot and showcases contemporary architectural design, paired with a comprehensive package of high-end specifications. Key features include a sparkling overflow swimming pool, underfloor heating, and a 5 kW photovoltaic system for energy efficiency. Security and comfort are elevated with a gated entrance, alarm system, and provisions for an electric vehicle charger and A/C split units. Homes are finished to an exceptional standard, incorporating upgraded thermal aluminum frames, custom kitchen designs, a curated range of imported ceramic tiles and marbles, and premium branded sanitary ware — all within an energy-saving, modern-built structure.

Aquila Villas offers an extraordinary blend of luxury, scenery, and refined living in one of Paphos’ most coveted hillside locations.","Aquila Villas stellt eine prestigeträchtige und elitäre Entwicklung dar, die aus nur neun zweistöckigen Villen besteht und einen Panoramablick auf das Meer von Paphos und die Peyia-Bucht bietet. Gelegen in Tala, einer der begehrtesten Lagen in Paphos, verfügen diese Immobilien über geräumige Innenbereiche, die so gestaltet sind, dass sie die atemberaubende Aussicht auf das Meer und die Berge von allen Innenräumen aus maximieren. Es gibt Optionen für Villen mit drei und vier Schlafzimmern, die mit modernen architektonischen Linien entworfen wurden, wobei lokal beschaffte Materialien verwendet werden, um sich nahtlos in die natürliche Umgebung einzufügen.

Die Anlage ist ideal gelegen, nur neun Minuten vom Zentrum von Paphos, dem Golfplatz von Tala und dem Strand sowie nur vier Minuten vom Dorfzentrum entfernt. Tala selbst liegt 7 km nördlich des Stadtzentrums von Paphos in einer magischen natürlichen Umgebung. Das Dorf grenzt an Emba, Kissonerga, Tremithousa, Tsada und Koili. Der Strand von Coral Bay ist zehn Autominuten entfernt, und der internationale Flughafen von Paphos ist in zwanzig Minuten erreichbar. Tala ist in vier Hauptbereiche unterteilt: Stefani, Lofos, Kamares und Melissovounos und gilt als eine der gepflegtesten Gemeinden in Paphos, die ihren reizvollen Charakter bewahrt hat.

Die Villen bestechen durch zeitgenössisches architektonisches Design auf großzügigen Grundstücken als freistehende Immobilien. Zu den wichtigsten Spezifikationen gehören ein Überlauf-Swimmingpool, Fußbodenheizung und ein 5-kW-Solarsystem. Sicherheit und Komfort werden durch ein Eingangstor, eine Alarmanlage und Vorkehrungen für ein Ladegerät für Elektroautos sowie Split-Klimaanlagen priorisiert. Der Bau umfasst verbesserte thermische Aluminiumserien, maßgeschneiderte Küchendesigns, eine große Auswahl an importierten Keramikfliesen und Marmoren sowie Marken-Sanitärkeramik, alles in einer energiesparend konzipierten Immobilie.","Aquila Villas to prestiżowa i elitarna inwestycja składająca się zaledwie z dziewięciu dwupiętrowych willi, oferująca panoramiczne widoki na morze Paphos i zatokę Peyia. Położone w Tala, jednej z najbardziej poszukiwanych lokalizacji w Paphos, nieruchomości te charakteryzują się przestronnymi wnętrzami zaprojektowanymi tak, aby zmaksymalizować zapierające dech w piersiach widoki na morze i góry ze wszystkich pomieszczeń wewnętrznych. Dostępne są opcje willi z trzema i czterema sypialniami, zaprojektowane przy użyciu nowoczesnych linii architektonicznych, z wykorzystaniem lokalnych materiałów, aby idealnie wtopić się w naturalne środowisko.

Inwestycja jest idealnie usytuowana zaledwie dziewięć minut od centrum Paphos, pola golfowego Tala i plaży oraz tylko cztery minuty od centrum wioski. Sama Tala znajduje się 7 km na północ od centrum miasta Paphos w magicznym otoczeniu przyrody. Wioska graniczy z Emba, Kissonerga, Tremithousa, Tsada i Koili. Plaża Coral Bay oddalona jest o dziesięć minut jazdy, a międzynarodowe lotnisko w Paphos jest osiągalne w ciągu dwudziestu minut. Tala jest podzielona na cztery główne obszary: Stefani, Lofos, Kamares i Melissovounos i jest znana jako jedna z najlepiej utrzymanych społeczności w Paphos, zachowująca swój uroczy charakter.

Wille wyróżniają się współczesnym projektem architektonicznym na dużych działkach jako nieruchomości wolnostojące. Kluczowe specyfikacje obejmują basen przelewowy, ogrzewanie podłogowe i system solarny 5 KW. Bezpieczeństwo i wygoda są priorytetem dzięki bramie wjazdowej, systemowi alarmowemu oraz instalacjom pod ładowarkę do samochodów elektrycznych i klimatyzację typu split. Budynek wyposażony jest w ulepszoną serię termiczną aluminium, kuchnie na wymiar, szeroki wybór importowanych płytek ceramicznych i marmurów oraz markową armaturę sanitarną, a wszystko to w energooszczędnej nieruchomości.","Aquila Villas представляет собой престижный и элитный комплекс, состоящий всего из девяти двухэтажных вилл, откуда открывается панорамный вид на море Пафоса и залив Пейя. Расположенные в Тале, одном из самых востребованных мест в Пафосе, эти объекты недвижимости отличаются просторными внутренними помещениями, спроектированными так, чтобы максимизировать захватывающие виды на море и горы из всех внутренних зон. Существуют варианты вилл с тремя и четырьмя спальнями, спроектированные с использованием современных архитектурных линий и местных материалов, чтобы гармонично вписаться в природную среду.

Комплекс идеально расположен всего в девяти минутах от центра Пафоса, гольф-поля Тала и пляжа, и всего в четырех минутах от центра деревни. Сама Тала расположена в 7 км к северу от центра города Пафос в волшебной природной среде. Деревня граничит с Эмбой, Киссонергой, Тремитусой, Цадой и Коили. Пляж Корал Бэй находится в десяти минутах езды, а международный аэропорт Пафоса доступен в течение двадцати минут. Тала разделена на четыре основных района: Стефани, Лофос, Камарес и Мелиссовунос, и известна как одно из самых ухоженных сообществ в Пафосе, сохраняющее свой очаровательный характер.

Виллы могут похвастаться современным архитектурным дизайном на щедрых участках как отдельно стоящие объекты. Ключевые характеристики включают переливной бассейн, подогрев полов и солнечную систему мощностью 5 кВт. Безопасность и удобство являются приоритетом благодаря въездным воротам, системе сигнализации и условиям для зарядного устройства для электромобилей и сплит-систем кондиционирования. Строительство включает модернизированные тепловые алюминиевые серии, индивидуальный дизайн кухни, широкий выбор импортной керамической плитки и мрамора, а также брендовую сантехнику, все это в энергосберегающем объекте недвижимости.",aquila-00.jpeg,"aquila-01.jpeg,aquila-02.jpeg,aquila-03.jpeg,aquila-04.jpeg,aquila-05.jpeg,aquila-06.jpeg,aquila-07.jpeg,aquila-08.jpeg,aquila-09.jpeg,aquila-10.jpeg,aquila-11.jpeg,aquila-12.jpeg",Domenica Group,Domenica Group,Domenica Group,Domenica Group,,,,,,,,,,
artemis-villas-domenica,2025-11-28T10:40Z,Artemis Villas,Buy Luxury Villas in Paphos | Artemis Villas for Sale,"Artemis Villas – luxury 3-bedroom villas for sale in Kato Paphos. Private pool, rooftop garden & sea views. Buy directly with no agency commission.","Artemis Villas in Kato Paphos offers 23 luxury 3-bedroom villas just 200m from the sea. Features include private pools, roof gardens, alarm systems, electric car chargers, and Energy Class A efficiency.",artemis-villas-domenica,Artemis Villas,Luxusvillen in Paphos kaufen | Artemis Villas Zypern,"Artemis Villas – exklusive Luxusvillen in Kato Paphos zu verkaufen. Meerblick, Pool & Dachterrasse. Kaufen Sie direkt vom Bauträger – ohne Provision.","Artemis Villas in Kato Paphos bietet 23 luxuriöse 3-Zimmer-Villen, nur 200 m vom Meer entfernt. Mit privatem Pool, Dachgarten, Alarmanlage, E-Auto-Ladegerät und Energieeffizienzklasse A.",artemis-villas-domenica,Artemis Villas,Kup luksusową willę w Pafos | Artemis Villas Cypr,"Artemis Villas – luksusowe wille na sprzedaż w Kato Pafos. Basen, ogród na dachu, widok na morze. Bez prowizji, bez pośredników.","Artemis Villas w Kato Paphos to 23 luksusowe wille z 3 sypialniami, 200m od morza. Oferują prywatny basen, ogród na dachu, alarm, ładowarkę EV i klasę energetyczną A.",artemis-villas-domenica,Artemis Villas,Купить виллу в Пафосе | Artemis Villas на Кипре,"Artemis Villas — современные виллы у моря в Като Пафос. Бассейн, терраса, вид на море. Прямая покупка без комиссии агентству.","Artemis Villas в Като Пафосе предлагает 23 роскошные виллы с 3 спальнями в 200 м от моря. Включает частный бассейн, сад на крыше, сигнализацию, зарядку для электромобилей и класс энергоэффективности А.",artemis-villas-domenica,34.743264792475,32.434606550923625,Paphos,Villa,3,200,285-300,04-2026,750000,2,1,4,15,6,6,5,10,"Artemis Villas is an exceptional new residential development located just 200 meters from the pristine coastline of Kato Paphos. This exclusive collection of 23 luxury detached villas has been meticulously designed to offer the finest in modern coastal living. Each home includes three bedrooms and three bathrooms, blending contemporary elegance with comfort to create a peaceful retreat only moments from the vibrant lifestyle, culture, and amenities of central Paphos.

Every villa comes with its own private swimming pool and an impressive rooftop garden boasting expansive mountain and sea views — with the optional upgrade of a rooftop jacuzzi for an elevated relaxation experience. Premium features include advanced alarm systems, provisions for central heating and air conditioning, and electric vehicle charging points, ensuring convenience and security throughout the year.

Built to Energy Efficiency Class A standards, the villas incorporate refined architectural design with upgraded thermal aluminum frames and high-spec construction throughout. Interiors are crafted with meticulous attention to detail, offering custom-made kitchens, a curated selection of imported ceramic tiles and marble accents, and stylish branded sanitary ware.

Perfectly positioned close to schools, retail centers, and leisure attractions, Artemis Villas delivers a seamless blend of coastal serenity and modern urban convenience. Whether as a family home or an investment property, this development offers an outstanding lifestyle opportunity in one of Paphos’ most desirable seaside districts.","Artemis Villas ist ein prestigeträchtiges neues Bauprojekt in beneidenswerter Lage, nur 200 Meter von den wunderschönen Ufern von Kato Paphos entfernt. Dieses exklusive Projekt umfasst 23 luxuriöse, freistehende Villen, die jeweils mit drei Schlafzimmern und drei Badezimmern ausgestattet sind, um das ultimative moderne Küstenleben zu bieten. Die Villen verbinden zeitlosen Charme perfekt mit modernem Komfort und bieten den Bewohnern einen ruhigen Rückzugsort, der dennoch nur wenige Augenblicke vom pulsierenden Herzen von Paphos und allen wichtigen städtischen Annehmlichkeiten entfernt ist.

Jede Residenz verfügt über einen privaten Swimmingpool und einen Dachgarten mit Panoramablick auf Meer und Berge, wo Sie optional einen Jacuzzi für die ultimative Entspannung hinzufügen können. Die Immobilien sind mit High-Tech-Alarmsystemen, Ladegeräten für Elektroautos sowie Vorkehrungen für Klimaanlagen und Zentralheizung ausgestattet, was ganzjährigen Komfort und Sicherheit gewährleistet. Die Villen verfügen über die Energieeffizienzklasse A und zeichnen sich durch zeitgenössische architektonische Designs mit verbesserten thermischen Aluminiumserien aus. Die Innenräume sind mit hochwertigen Materialien ausgestattet, darunter maßgeschneiderte Küchen, eine große Auswahl an importierten Keramikfliesen und Marmor sowie Marken-Sanitärkeramik. Ideal gelegen in der Nähe von Schulen, Geschäften und Freizeiteinrichtungen, bietet Artemis Villas eine harmonische Verschmelzung von Küstenruhe und zeitgenössischem städtischen Leben.","Artemis Villas to prestiżowa nowa inwestycja położona w godnej pozazdroszczenia lokalizacji, zaledwie 200 metrów od pięknych brzegów Kato Paphos. Ten ekskluzywny projekt obejmuje 23 luksusowe, wolnostojące wille, każda z trzema sypialniami i trzema łazienkami, zaprojektowane tak, aby zapewnić najwyższy poziom nowoczesnego życia nad morzem. Wille doskonale łączą ponadczasowy urok z nowoczesną wygodą, oferując mieszkańcom spokojną ucieczkę, która znajduje się zaledwie kilka chwil od tętniącego życiem serca Pafos i wszystkich niezbędnych udogodnień miejskich.

Każda rezydencja posiada prywatny basen i ogród na dachu z panoramicznym widokiem na morze i góry, gdzie można opcjonalnie dodać jacuzzi dla pełnego relaksu. Nieruchomości są wyposażone w zaawansowane systemy alarmowe, ładowarki do samochodów elektrycznych oraz instalacje pod klimatyzację i centralne ogrzewanie, zapewniając komfort i bezpieczeństwo przez cały rok. Wille szczycą się klasą efektywności energetycznej A i charakteryzują się współczesnym projektem architektonicznym z ulepszoną serią termiczną aluminium. Wnętrza wykończone są wysokiej jakości materiałami, w tym kuchniami na wymiar, szeroką gamą importowanych płytek ceramicznych i marmurów oraz markową armaturą sanitarną. Idealnie usytuowane w pobliżu szkół, sklepów i obiektów rekreacyjnych, Artemis Villas oferuje harmonijne połączenie nadmorskiego spokoju i współczesnego życia miejskiego.","Artemis Villas — это престижный новый комплекс, расположенный в завидном месте всего в 200 метрах от прекрасных берегов Като Пафоса. Этот эксклюзивный проект включает 23 роскошные отдельно стоящие виллы, каждая из которых имеет три спальни и три ванные комнаты, спроектированные так, чтобы обеспечить максимальный комфорт современной жизни на побережье. Виллы идеально сочетают вневременной шарм с современными удобствами, предлагая жителям спокойное уединение, находящееся всего в нескольких минутах от оживленного сердца Пафоса и всех необходимых городских удобств.

Каждая резиденция располагает частным бассейном и садом на крыше с панорамным видом на море и горы, где можно дополнительно установить джакузи для полного расслабления. Объекты оснащены высокотехнологичными системами сигнализации, зарядными устройствами для электромобилей, а также выводами для кондиционирования воздуха и центрального отопления, что гарантирует комфорт и безопасность круглый год. Виллы имеют класс энергоэффективности А и отличаются современным архитектурным дизайном с улучшенными тепловыми алюминиевыми сериями. Интерьеры отделаны высококачественными материалами, включая кухни по индивидуальному заказу, широкий выбор импортной керамической плитки и мрамора, а также брендовую сантехнику. Идеально расположенный рядом со школами, магазинами и развлекательными заведениями, Artemis Villas предлагает гармоничное слияние прибрежного спокойствия и современной городской жизни.",artemis-00.jpeg,"artemis-01.jpeg,artemis-02.jpeg,artemis-03.jpeg,artemis-04.jpeg,artemis-05.jpeg,artemis-06.jpeg,artemis-07.jpeg,artemis-08.jpeg,artemis-09.jpeg,artemis-10.jpeg,artemis-11.jpeg,artemis-12.jpeg,artemis-13.jpeg,artemis-14.jpeg,artemis-15.jpeg,artemis-16.jpeg,artemis-17.jpeg,artemis-18.jpeg,artemis-19.jpeg,artemis-20.jpeg,artemis-21.jpeg,artemis-22.jpeg,artemis-23.jpeg,artemis-24.jpeg",Domenica Group,Domenica Group,Domenica Group,Domenica Group,,,,,,,,,,
lofos-heights-domenica,2025-11-28T10:40Z,Lofos Heights,Buy Luxury Villas in Paphos | Lofos Heights for Sale,"Lofos Heights – premium 3–4 bedroom villas for sale in Paphos. Infinity pool, sea view & Energy Class A. Buy direct, no agency commission.","Lofos Heights in Tala offers elite 3-4 bedroom villas with infinity pools and panoramic sea views. Features include smart home tech, underfloor heating, and a prime location 10 mins from Paphos.",lofos-heights-domenica,Lofos Heights,Luxusvillen in Paphos kaufen | Lofos Heights Zypern,"Lofos Heights – moderne Luxusvillen in Paphos zu verkaufen. Infinity-Pool, Meerblick, Energieklasse A. Kaufen Sie direkt – ohne Provision.","Lofos Heights in Tala bietet elitäre 3-4-Zimmer-Villen mit Infinity-Pools und Panoramablick aufs Meer. Ausgestattet mit Smart-Home-Technik, Fußbodenheizung und nur 10 Min. von Paphos entfernt.",lofos-heights-domenica,Lofos Heights,Kup luksusową willę w Pafos | Lofos Heights Cypr,"Lofos Heights – luksusowe wille na sprzedaż w Pafos. Basen infinity, widok na morze, klasa energetyczna A. Kup bez pośredników.","Lofos Heights w Tala oferuje elitarne wille z 3-4 sypialniami, basenami infinity i panoramicznym widokiem na morze. Cechy: Smart Home, ogrzewanie podłogowe, 10 min od Pafos.",lofos-heights-domenica,Lofos Heights,Купить виллу в Пафосе | Lofos Heights на Кипре,Lofos Heights — роскошные виллы в Пафосе с бассейном infinity и видом на море. Покупка напрямую у застройщика без комиссии агентству.,"Lofos Heights в Тале предлагает элитные виллы с 3-4 спальнями, бассейнами-инфинити и панорамным видом на море. Особенности: умный дом, подогрев полов, 10 мин до Пафоса.",lofos-heights-domenica,34.83595737363555,32.44051179325298,Paphos,Villa,3-4,325,635-785,04-2026,1200000,9,4,5,20,5,7,10,12,"Lofos Heights is positioned on the first elevated ridge on the southwest side of Cyprus, overlooking the Mediterranean Sea and benefiting from one of the island’s most enviable climates—fresh, clean, and pleasantly mild throughout the year. Located in Lofos, one of the most prestigious suburbs of Paphos, the development enjoys sweeping panoramic sea views across the entire Paphos region and unforgettable sunsets that paint the horizon every evening. Set on generous plots, the project features detached 2- and 3-storey villas with 3 to 4 bedrooms and 3 bathrooms, designed in a contemporary architectural style that takes full advantage of the permanent, unobstructed views provided by the hillside location.

Each villa includes a striking private tiled overflow infinity pool and is equipped with an array of high-end specifications such as underfloor heating, a concealed A/C system with split units, and advanced thermal aluminum window and door systems. Security and convenience are prioritized with a comprehensive package that includes an alarm system, CCTV, a smart lighting setup, and an electric gate. Further enhancements include premium concrete-finish parking areas, solar panels, and an Energy Efficiency Class A rating.

Perfectly suited for year-round living, Lofos Heights offers exceptional proximity to key destinations: just 10 minutes from Paphos city center, the International School of Paphos, Tsada Golf Course, and the coast, and only 2 minutes from Tala village center. This combination of serenity, premium design, and accessibility makes Lofos Heights an outstanding choice for discerning buyers seeking luxury hillside living on the Paphos coastline.","Lofos Heights liegt auf dem ersten Hügel im Südwesten Zyperns mit Blick auf das Mittelmeer und bietet das beste Klima der Insel mit frischer, sauberer und milder Luft. In Lofos, einem der elitären Vororte von Paphos gelegen, bietet dieses Projekt atemberaubende Meerblicke über die gesamte Region Paphos und verspricht beeindruckende Sonnenuntergänge über dem Wasser. Das Projekt wurde auf großzügigen Grundstücken errichtet und besteht aus 2- und 3-stöckigen freistehenden Villen mit 3 bis 4 Schlafzimmern und 3 Badezimmern. Diese atemberaubenden Immobilien sind in einem zeitgenössischen architektonischen Stil gestaltet, um die erstaunliche, unverbaubare Aussicht, die aufgrund der Hanglage garantiert ist, voll zu genießen.

Die Villen verfügen über einen spektakulären privaten, gefliesten Überlauf-Infinity-Pool und sind mit hochwertigen Spezifikationen ausgestattet, darunter Fußbodenheizung, ein verdecktes Klimaanlagensystem mit Split-Geräten in allen Bereichen und verbesserte thermische Aluminiumserien. Für Sicherheit und Komfort sorgen eine Alarmanlage, CCTV, ein intelligentes Beleuchtungssystem und ein elektrisches Grundstückstor. Zu den weiteren Merkmalen gehören Parkplätze mit feinem Betonfinish, Solarpaneele und die Energieeffizienzklasse A. Ideal für dauerhaftes Wohnen gelegen, ist Lofos Heights nur 10 Minuten vom Zentrum von Paphos, der International School, dem Tsada-Golfplatz und dem Strand sowie nur 2 Minuten vom Dorfzentrum von Tala entfernt.","Lofos Heights znajduje się na pierwszym wzgórzu w południowo-zachodniej części Cypru, wychodzącym na Morze Śródziemne, co zapewnia najlepszy klimat na wyspie ze świeżym, czystym i łagodnym powietrzem. Położona w Lofos, jednym z elitarnych przedmieść Pafos, ta inwestycja oferuje zapierające dech w piersiach widoki na morze, obejmujące cały obszar Pafos, i obiecuje oszałamiające zachody słońca nad wodą. Zbudowany na dużych działkach, projekt składa się z 2- i 3-piętrowych wolnostojących willi z 3 do 4 sypialniami i 3 łazienkami. Te wspaniałe nieruchomości zostały zaprojektowane w nowoczesnym stylu architektonicznym, aby w pełni cieszyć się niesamowitymi, niezakłóconymi widokami, które dzięki położeniu na zboczu wzgórza są gwarantowane.

Wille posiadają spektakularny prywatny, wyłożony płytkami basen typu infinity z przelewem i są wyposażone w wysokiej klasy specyfikacje, w tym ogrzewanie podłogowe, ukryty system klimatyzacji z jednostkami split we wszystkich pomieszczeniach oraz ulepszoną serię termiczną aluminium. Dla bezpieczeństwa i wygody domy wyposażono w system alarmowy, monitoring CCTV, inteligentny system oświetlenia i elektryczną bramę wjazdową. Dodatkowe cechy to parking z wykończeniem z betonu architektonicznego, panele słoneczne oraz klasa efektywności energetycznej A. Idealnie zlokalizowane do stałego zamieszkania, Lofos Heights znajduje się zaledwie 10 minut od centrum Pafos, szkoły międzynarodowej, pola golfowego Tsada i plaży oraz tylko 2 minuty od centrum wioski Tala.","Lofos Heights расположен на первом холме в юго-западной части Кипра, обращенном к Средиземному морю, что обеспечивает лучший климат на острове со свежим, чистым и мягким воздухом. Расположенный в Лофосе, одном из элитных пригородов Пафоса, этот проект предлагает захватывающие виды на море, охватывающие весь район Пафоса, и обещает потрясающие закаты над водой. Построенный на участках щедрых размеров, проект состоит из 2- и 3-этажных отдельно стоящих вилл с 3–4 спальнями и 3 ванными комнатами. Эти потрясающие объекты недвижимости спроектированы в современном архитектурном стиле, чтобы вы могли в полной мере наслаждаться удивительными беспрепятственными видами, которые, благодаря расположению на склоне холма, гарантированно останутся неизменными.

Виллы располагают впечатляющим частным переливным инфинити-бассейном, облицованным плиткой, и оснащены высококлассными спецификациями, включая подогрев полов, скрытую систему кондиционирования воздуха с сплит-системами во всех зонах и модернизированные тепловые алюминиевые серии. Для безопасности и удобства дома оснащены системой сигнализации, видеонаблюдением, системой умного освещения и электрическими воротами на участок. Дополнительные особенности включают парковку с отделкой из чистого бетона, солнечные панели и класс энергоэффективности А. Идеально расположенный для постоянного проживания, Lofos Heights находится всего в 10 минутах от центра Пафоса, Международной школы, гольф-поля Цада и пляжа, и всего в 2 минутах от центра деревни Тала.",lofos-heights-00.jpeg,"lofos-heights-01.jpeg,lofos-heights-02.jpeg,lofos-heights-03.jpeg,lofos-heights-04.jpeg,lofos-heights-05.jpeg,lofos-heights-06.jpeg,lofos-heights-07.jpeg,lofos-heights-08.jpeg,lofos-heights-09.jpeg,lofos-heights-10.jpeg,lofos-heights-11.jpeg,lofos-heights-12.jpeg,lofos-heights-13.jpeg,lofos-heights-14.jpeg,lofos-heights-15.jpeg,lofos-heights-16.jpeg,lofos-heights-17.jpeg",Domenica Group,Domenica Group,Domenica Group,Domenica Group,,,,,,,,,,
lyra-villas-domenica,2025-11-28T10:40Z,Lyra Villas,Buy Luxury Villas in Paphos | Lyra Villas for Sale,"Lyra Villas – modern 3-bedroom villas for sale in Kissonerga, Paphos. Sea view, pool & solar system. Buy direct from developer – no agency fees.","Lyra Villas offers 12 luxury 3-bedroom houses in Kissonerga with unobstructed sea views. Includes private pool, 5kW solar system, A/C, and appliances. Just 2 mins from the village center.",lyra-villas-domenica,Lyra Villas,Luxusvillen in Paphos kaufen | Lyra Villas Zypern,"Lyra Villas – moderne Luxusvillen in Kissonerga, Paphos. Meerblick, Pool & Solarsystem. Kaufen Sie direkt vom Bauträger – ohne Maklerprovision.","Lyra Villas: 12 Luxushäuser (3 SZ) in Kissonerga mit Meerblick. Inklusive privatem Pool, 5kW Solaranlage, Klima & Geräten. Energieeffizienzklasse A, nur 2 Min. zum Zentrum.",lyra-villas-domenica,Lyra Villas,Kup luksusową willę w Pafos | Lyra Villas Cypr,"Lyra Villas – luksusowe wille na sprzedaż w Kissonerga, Pafos. Basen, widok na morze, panele słoneczne. Kup bez pośredników i prowizji.","Lyra Villas to 12 luksusowych domów z 3 sypialniami w Kissonerga z widokiem na morze. W cenie basen, system solarny 5kW i AGD. Klasa A, 2 minuty od centrum.",lyra-villas-domenica,Lyra Villas,Купить виллу в Пафосе | Lyra Villas на Кипре,"Lyra Villas — современные виллы у моря в Киссонерге, Пафос. Бассейн, вид на море, солнечная система. Без комиссии агентству.","Lyra Villas: 12 домов (3 спальни) в Киссонерге с видом на море. Бассейн, солнечная система 5 кВт и техника включены. Класс А, 2 мин до центра.",lyra-villas-domenica,34.819755175180774,32.3966066471509,Paphos,Villa,3,120,137-152,04-2026,470000,2,1,6,22,8,6,7,20,"Lyra Villas introduces an exclusive ensemble of 12 modern two-storey homes, each thoughtfully designed with 3 bedrooms and 3 bathrooms to deliver effortless comfort and contemporary Mediterranean living. Positioned in a highly privileged setting, every residence captures uninterrupted views of Paphos and the shimmering Mediterranean Sea, while being only 2 minutes from the village center, providing easy access to daily conveniences yet maintaining a peaceful atmosphere.

Each villa is offered as a fully equipped home, with the purchase price including a private swimming pool, high-quality white goods, A/C split units, a built-in BBQ bench, a 5 kW photovoltaic system, an entrance gate, and a full alarm system. Provisions for central heating further elevate the year-round living experience, combining practicality with long-term sustainability.

The villas are finished to exceptional standards, featuring upgraded thermal aluminum frames, custom-crafted kitchens, a curated selection of imported ceramic tiles and marbles, and premium branded sanitary ware. All homes are built to achieve Energy Efficiency Class A, ensuring reduced energy consumption and superior comfort.

Nestled in the picturesque coastal village of Kissonerga, residents enjoy easy access to golden beaches, crystal-clear waters, and a variety of charming local tavernas and restaurants. Whether you are searching for a secure investment or a serene private retreat by the sea, Lyra Villas offers a beautifully balanced lifestyle in one of Cyprus’ most scenic and desirable locations.","Lyra Villas präsentiert eine exklusive Kollektion von 12 zweistöckigen Häusern und bietet eine elegante Auswahl an Residenzen mit 3 Schlafzimmern und 3 Badezimmern, die für modernen Komfort und müheloses Wohnen konzipiert sind. In einer privilegierten Lage gelegen, genießt jedes Haus einen unverbaubaren Blick auf Paphos und das Mittelmeer und ist nur 2 Minuten vom Dorfzentrum entfernt, was einen einfachen Zugang zu lokalen Annehmlichkeiten gewährleistet, ohne die Ruhe zu opfern. Jedes Haus ist komplett ausgestattet; im Preis inbegriffen sind ein privater Swimmingpool, Split-Klimaanlagen, hochwertige weiße Ware, eine eingebaute Grillbank, eine 5-kW-Solaranlage, ein Eingangstor und eine Alarmanlage. Vorkehrungen für eine Zentralheizung sind ebenfalls vorhanden, was Funktionalität, Nachhaltigkeit und Stil vereint. Die Immobilien verfügen über verbesserte thermische Aluminiumserien, maßgeschneiderte Küchendesigns, eine große Auswahl an importierten Keramikfliesen und Marmor sowie Marken-Sanitärkeramik und erreichen die Energieeffizienzklasse A. Im charmanten Küstendorf Kissonerga gelegen, können die Bewohner wunderschöne Strände mit goldenem Sand und kristallklarem Wasser sowie lokale Restaurants und Tavernen genießen. Ob Sie eine solide Investition oder einen privaten Rückzugsort am Mittelmeer suchen, Lyra Villas bietet einen harmonischen Lebensstil in einer der malerischsten Umgebungen Zyperns.","Lyra Villas prezentuje ekskluzywną kolekcję 12 dwupiętrowych domów, oferując elegancki wybór rezydencji z 3 sypialniami i 3 łazienkami, zaprojektowanych z myślą o nowoczesnym komforcie i bezproblemowym życiu. Położony w uprzywilejowanej lokalizacji, każdy dom cieszy się niezakłóconym widokiem na Pafos i Morze Śródziemne, znajdując się zaledwie 2 minuty od centrum wioski, co zapewnia łatwy dostęp do lokalnych udogodnień bez rezygnacji ze spokoju. Każdy dom jest w pełni wyposażony, a cena obejmuje prywatny basen, jednostki klimatyzacji typu split, wysokiej jakości sprzęt AGD, wbudowaną ławkę BBQ, system solarny 5kW, bramę wjazdową i system alarmowy. Przewidziano również instalację pod centralne ogrzewanie, łącząc funkcjonalność, zrównoważony rozwój i styl. Nieruchomości charakteryzują się ulepszoną serią termiczną aluminium, kuchniami na wymiar, szeroką gamą importowanych płytek ceramicznych i marmurów oraz markową armaturą sanitarną, osiągając klasę efektywności energetycznej A. Położone w uroczej nadmorskiej wiosce Kissonerga, mieszkańcy mogą cieszyć się pięknymi plażami ze złotym piaskiem i krystalicznie czystą wodą, a także lokalnymi restauracjami i tawernami. Niezależnie od tego, czy szukasz solidnej inwestycji, czy prywatnego śródziemnomorskiego azylu, Lyra Villas oferuje harmonijny styl życia w jednym z najbardziej malowniczych miejsc na Cyprze.","Lyra Villas представляет эксклюзивную коллекцию из 12 двухэтажных домов, предлагая элегантный выбор резиденций с 3 спальнями и 3 ванными комнатами, спроектированных для современного комфорта и легкой жизни. Расположенный в привилегированном месте, каждый дом наслаждается беспрепятственным видом на Пафос и Средиземное море, находясь всего в 2 минутах от центра деревни, что обеспечивает легкий доступ к местным удобствам без ущерба для спокойствия. Каждый дом полностью оборудован, в стоимость включены частный бассейн, сплит-системы кондиционирования, высококачественная бытовая техника, встроенная скамья для барбекю, солнечная система мощностью 5 кВт, въездные ворота и система сигнализации. Также предусмотрены условия для центрального отопления, сочетая функциональность, устойчивость и стиль. Объекты отличаются модернизированными тепловыми алюминиевыми сериями, индивидуальным дизайном кухни, широким ассортиментом импортной керамической плитки и мрамора, а также брендовой сантехникой, достигая класса энергоэффективности А. Расположенный в очаровательной прибрежной деревне Киссонерга, жители могут наслаждаться красивыми пляжами с золотым песком и кристально чистой водой, а также местными ресторанами и тавернами. Ищете ли вы надежную инвестицию или частное уединение на Средиземноморье, Lyra Villas предлагает гармоничный образ жизни в одном из самых живописных мест Кипра.",lyra-00.jpeg,"lyra-01.jpeg,lyra-02.jpeg,lyra-03.jpeg,lyra-04.jpeg,lyra-05.jpeg,lyra-06.jpeg,lyra-07.jpeg,lyra-08.jpeg,lyra-09.jpeg,lyra-10.jpeg,lyra-11.jpeg",Domenica Group,Domenica Group,Domenica Group,Domenica Group,,,,,,,,,,
mare-residence-domenica,2025-11-28T10:40Z,Mare Residences,Buy Luxury Villas in Paphos | Mare Residences for Sale,"Mare Residences – 3-bedroom luxury villas for sale in Kato Paphos, just 200m from the sea. Private pool, rooftop garden & sea view. No agent fees.","MARE Residences offers 37 luxury 3-bedroom villas in Kato Paphos, 200m from the sea. Features overflow pools, roof gardens, Energy Class A, alarm systems, and premium finishes near amenities.",mare-residence-domenica,Mare Residences,Luxusvillen in Paphos kaufen | Mare Residences Zypern,"Mare Residences – exklusive Luxusvillen in Kato Paphos. 200 m vom Meer, privater Pool, Dachgarten, Meerblick. Kaufen Sie direkt – ohne Provision.","MARE Residences in Kato Paphos bietet 37 luxuriöse 3-Zimmer-Villen, 200 m vom Meer entfernt. Mit Überlaufpools, Dachgärten, Energieklasse A, Alarmanlage und hochwertiger Ausstattung nahe Annehmlichkeiten.",mare-residence-domenica,Mare Residences,Kup luksusową willę w Pafos | Mare Residences Cypr,"Mare Residences – luksusowe wille w Kato Pafos, 200 m od morza. Basen, ogród na dachu, widok na morze. Kup bezpośrednio, bez prowizji.","MARE Residences oferuje 37 luksusowych willi z 3 sypialniami w Kato Paphos, 200m od morza. Cechy: baseny przelewowe, ogrody na dachu, klasa A, alarm i wykończenia premium blisko udogodnień.",mare-residence-domenica,Mare Residences,Купить виллу в Пафосе | Mare Residences на Кипре,"Mare Residences — роскошные виллы в Като Пафос, 200 м от моря. Бассейн, терраса, вид на море. Прямая покупка без комиссии агентству.","MARE Residences предлагает 37 роскошных вилл с 3 спальнями в Като Пафосе, в 200 м от моря. Особенности: переливные бассейны, сады на крыше, класс А, сигнализация и премиальная отделка рядом с удобствами.",mare-residence-domenica,34.74687778784804,32.432891271163925,Paphos,Villa,3,136,211,04-2026,540000,2,1,4,15,7,5,5,10,"MARE Residences is a distinguished coastal development located only 200 meters from the stunning shoreline of Kato Paphos. Set in one of the city’s most desirable seaside enclaves, the project comprises 37 luxury detached and semi-detached villas, each offering three spacious bedrooms and a lifestyle defined by modern elegance and relaxed Mediterranean living. Thoughtfully crafted to elevate daily comfort, every villa features a refreshing overflow swimming pool and a private rooftop garden, where residents can unwind while enjoying gentle sea breezes and panoramic views.

While serene and private, MARE Residences offers exceptional convenience. Its strategic location provides quick access to schools, shops, leisure facilities, and essential services—making it an excellent choice for families seeking a blend of luxury, practicality, and coastal tranquility.

The villas are built to Energy Efficiency Class A standards and boast a premium specification package, including upgraded thermal aluminum frames, tailor-made kitchen designs, and a sophisticated selection of imported ceramic tiles and marble finishes. Branded sanitary ware enhances the sense of refinement throughout each home.

For year-round comfort and peace of mind, every villa includes an alarm system and provisions for an electric vehicle charger, central heating, and A/C split units. Buyers also have the option to add a 4 kW photovoltaic system for enhanced energy savings.

Set in beautiful Kato Paphos, the development offers captivating views of the Mediterranean Sea and is located just minutes from the vibrant city center and Paphos International Airport—making it perfect for both permanent living and holiday escapes.","MARE Residences ist ein exquisites Bauprojekt, das nur 200 Meter von den fesselnden Ufern von Kato Paphos entfernt liegt. Dieses Küstenparadies bietet 37 luxuriöse, freistehende und Doppelhaushälften-Villen, die jeweils über drei Schlafzimmer verfügen und das moderne Küstenleben in seiner schönsten Form verkörpern. Jedes Detail ist sorgfältig ausgearbeitet, um Ihren Lebensstil zu verbessern, und lädt Sie ein, in erfrischende Überlauf-Swimmingpools einzutauchen und die kühle Brise auf Ihren privaten Dachgärten zu genießen. Die Anlage verbindet die Ruhe des Küstenlebens mit einfachem Zugang zu wichtigen Annehmlichkeiten und Dienstleistungen. Strategisch günstig gelegen, bietet sie den Bewohnern schnellen Zugang zu Schulen, Geschäften und Freizeiteinrichtungen und ist somit ein idealer Zufluchtsort für Familien, die sowohl Luxus als auch Praktikabilität suchen.

Die Villen verfügen über die Energieeffizienzklasse A und bieten hochwertige Ausstattungsmerkmale wie verbesserte thermische Aluminiumserien, maßgeschneiderte Küchendesigns und eine große Auswahl an importierten Keramikfliesen und Marmoren. Marken-Sanitärkeramik trägt zum Luxus bei. Für Komfort und Sicherheit umfasst jede Villa ein Alarmsystem sowie Vorkehrungen für ein Ladegerät für Elektroautos, Zentralheizung und Split-Klimaanlagen. Optional ist eine 4-kW-Solaranlage erhältlich. In Kato Paphos gelegen, bietet das Projekt fesselnde Ausblicke auf das azurblaue Mittelmeer und ist nur wenige Augenblicke vom pulsierenden Herzen von Paphos und dem internationalen Flughafen Paphos entfernt.","MARE Residences to wykwintny projekt budowlany położony zaledwie 200 metrów od urzekających brzegów Kato Paphos. Ten nadmorski raj oferuje 37 luksusowych willi wolnostojących i w zabudowie bliźniaczej, z których każda posiada trzy sypialnie, uosabiając nowoczesne życie nad morzem w najlepszym wydaniu. Każdy szczegół został starannie dopracowany, aby ulepszyć Twój styl życia, zapraszając do zanurzenia się w orzeźwiających basenach przelewowych i wygrzewania się w chłodnej bryzie na prywatnych ogrodach na dachu. Inwestycja łączy spokój życia nad morzem z łatwym dostępem do niezbędnych udogodnień i usług. Strategicznie usytuowana, oferuje mieszkańcom szybki dostęp do szkół, sklepów i obiektów rekreacyjnych, co czyni ją idealnym schronieniem dla rodzin poszukujących zarówno luksusu, jak i praktyczności.

Wille posiadają klasę efektywności energetycznej A i charakteryzują się wysokiej jakości specyfikacjami, takimi jak ulepszona seria termiczna aluminium, kuchnie projektowane na miarę oraz szeroki wybór importowanych płytek ceramicznych i marmurów. Markowa armatura sanitarna dodaje luksusu. Dla komfortu i bezpieczeństwa każda willa zawiera system alarmowy oraz instalacje pod ładowarkę do samochodów elektrycznych, centralne ogrzewanie i klimatyzację typu split. Opcjonalnie dostępny jest system solarny 4 KW. Położony w Kato Paphos, projekt oferuje urzekające widoki na lazurowe Morze Śródziemne i znajduje się zaledwie kilka chwil od tętniącego życiem serca Pafos i międzynarodowego lotniska w Pafos.","MARE Residences — это изысканный строительный проект, расположенный всего в 200 метрах от пленительных берегов Като Пафоса. Этот прибрежный рай предлагает 37 роскошных отдельно стоящих и смежных вилл, каждая из которых имеет три спальни, воплощая современную жизнь на побережье в ее лучшем проявлении. Каждая деталь тщательно продумана для улучшения вашего образа жизни, приглашая вас окунуться в освежающие переливные бассейны и насладиться прохладным бризом в ваших частных садах на крыше. Комплекс сочетает спокойствие прибрежной жизни с легким доступом к основным удобствам и услугам. Стратегически расположенный, он предлагает жителям быстрый доступ к школам, магазинам и развлекательным заведениям, что делает его идеальным убежищем для семей, ищущих как роскошь, так и практичность.

Виллы имеют класс энергоэффективности А и отличаются высококачественными характеристиками, такими как модернизированная серия термального алюминия, индивидуальный дизайн кухни и широкий выбор импортной керамической плитки и мрамора. Брендовая сантехника добавляет роскоши. Для комфорта и безопасности каждая вилла включает систему сигнализации и условия для зарядного устройства электромобиля, центрального отопления и сплит-систем кондиционирования. Опционально доступна солнечная система мощностью 4 кВт. Расположенный в Като Пафосе, проект предлагает захватывающие виды на лазурное Средиземное море и находится всего в нескольких минутах от оживленного сердца Пафоса и международного аэропорта Пафоса.",mare-00.jpeg,"mare-01.jpeg,mare-02.jpeg,mare-03.jpeg,mare-04.jpeg,mare-05.jpeg,mare-06.jpeg,mare-07.jpeg,mare-08.jpeg,mare-09.jpeg,mare-10.jpeg,mare-11.jpeg,mare-12.jpeg,mare-13.jpeg,mare-14.jpeg",Domenica Group,Domenica Group,Domenica Group,Domenica Group,,,,,,,,,,
mesoyi-residences-domenica,2025-11-28T10:40Z,Mesoyi Residences,Buy Modern Villas in Paphos | Mesoyi Residences for Sale,"Mesoyi Residences – modern villas for sale in Paphos. Countryside views, near schools & city center. Buy directly from developer – no agent fees.","Mesoyi Residences offers over 80 luxury villas (3 beds) in a rural setting near Paphos. Features sea views, landscaped gardens, and proximity to the International School and General Hospital.",mesoyi-residences-domenica,Mesoyi Residences,Moderne Villen in Paphos kaufen | Mesoyi Residences,"Mesoyi Residences – stilvolle Villen in Paphos zu verkaufen. Ruhige Lage, Bergblick, Nähe zu Schulen. Kaufen Sie direkt – ohne Maklerprovision.","Mesoyi Residences bietet über 80 Luxusvillen (3 SZ) in ländlicher Umgebung nahe Paphos. Mit Meerblick, Landschaftsgärten und Nähe zur International School und dem Krankenhaus.",mesoyi-residences-domenica,Mesoyi Residences,Kup nowoczesną willę w Pafos | Mesoyi Residences Cypr,"Mesoyi Residences – nowoczesne wille w Pafos na sprzedaż. Spokojna okolica, blisko szkoły i centrum. Kup bez pośredników, bez prowizji.","Mesoyi Residences to ponad 80 luksusowych willi (3 sypialni) w wiejskiej okolicy blisko Pafos. Oferują widok na morze, ogrody oraz bliskość Szkoły Międzynarodowej i szpitala.",mesoyi-residences-domenica,Mesoyi Residences,Купить виллу в Пафосе | Mesoyi Residences на Кипре,Mesoyi Residences — современные виллы в зелёном районе Пафоса. Близко к школам и центру. Прямая покупка у застройщика без комиссии агентству.,"Mesoyi Residences предлагает 80+ вилл (3 спальни) в сельской местности рядом с Пафосом. Виды на море, сады, близость к Международной школе и больнице.",mesoyi-residences-domenica,34.80407654319692,32.44304925767215,Paphos,Villa,3,191-201,250-305,04-2026,445000,13,3,5,15,5,4,10,15,"Mesoyi Residences presents an exceptional opportunity to embrace countryside living while still benefiting from all the comforts of a fully developed urban setting. Spanning more than 35,000 square meters in a peaceful rural environment, the project features extensive landscaped green areas and a thoughtfully planned layout that prioritizes space, privacy, and natural beauty. The development includes over 80 elegantly designed villas, available in a variety of styles and sizes ranging from 3 to 6 bedrooms, making it easy for buyers to find a home that suits their lifestyle and budget. Residents enjoy breathtaking views of the surrounding mountains, open countryside, and the distant Mediterranean Sea. For those seeking enhanced outdoor living, a spacious rooftop terrace with a private bar is offered as an optional upgrade—perfect for soaking in the expansive vistas.

Built with a contemporary architectural aesthetic, the homes incorporate energy-efficient principles and high-end specifications. Features include upgraded thermal aluminum window and door systems, tailor-made kitchen designs, a curated selection of imported ceramic tiles and marbles, and premium branded sanitary ware. Provisions for both central heating and air conditioning ensure year-round comfort.

The location is one of the most desirable residential zones in Paphos, positioned within the Paphos Educational Area, which is home to seven schools within a four-minute drive. The development is also conveniently situated just 3 minutes from the International School of Paphos, 5 minutes from the city center, and 5 minutes from Paphos General Hospital. Mesoyi Residences offers the perfect blend of scenic tranquility and modern convenience, making it an exceptional choice for families and long-term residents.","Mesoyi Residences bietet eine einzigartige Gelegenheit für das Leben auf dem Land, während man gleichzeitig die moderne Infrastruktur einer städtischen Entwicklung genießt. In einer ruhigen ländlichen Lage auf einer Fläche von mehr als 35.000 Quadratmetern gelegen, verfügt dieses gut konzipierte Projekt über Tausende von Quadratmetern landschaftlich gestalteter Grünflächen. Die Anlage umfasst mehr als 80 elegant gestaltete Villen und bietet eine Auswahl an verschiedenen Stilen und Größen von 3 bis 6 Schlafzimmern für jeden Geschmack und jedes Budget. Die Bewohner können einen atemberaubenden Blick auf die umliegenden Berge, die Landschaft und das Meer genießen. Ein zusätzlicher optionaler Vorteil ist eine geräumige Dachterrasse mit Bar, die perfekt ist, um die Aussicht zu genießen.

Das Projekt zeichnet sich durch zeitgenössisches architektonisches Design aus und wurde nach energiesparenden Prinzipien gebaut. Zu den Spezifikationen gehören verbesserte thermische Aluminiumserien, maßgeschneiderte Küchendesigns, eine große Auswahl an importierten Keramikfliesen und Marmor sowie Marken-Sanitärkeramik. Vorkehrungen für Zentralheizung und Klimaanlage sind ebenfalls enthalten. Der Standort ist die ultimative Wohnwahl, gelegen im Bildungsgebiet von Paphos, das sieben Schulen innerhalb einer 4-minütigen Fahrt bietet. Es ist nur 3 Autominuten von der International School of Paphos, 5 Minuten vom Zentrum von Paphos und 5 Minuten vom Allgemeinen Krankenhaus Paphos entfernt.","Mesoyi Residences oferuje wyjątkową możliwość życia na wsi, ciesząc się jednocześnie całą nowoczesną infrastrukturą miejską. Położony w spokojnej wiejskiej lokalizacji na obszarze ponad 35 000 metrów kwadratowych, ten dobrze zaprojektowany projekt szczyci się tysiącami metrów kwadratowych zagospodarowanych terenów zielonych. Inwestycja obejmuje ponad 80 elegancko zaprojektowanych willi, oferując wybór różnych stylów i rozmiarów od 3 do 6 sypialni, aby zaspokoić każdy gust i budżet. Mieszkańcy mogą podziwiać wspaniałe widoki na okoliczne góry, wieś i morze. Dodatkową opcjonalną zaletą jest przestronny taras na dachu z barem, idealny do podziwiania otaczających widoków.

Projekt charakteryzuje się współczesnym projektem architektonicznym i jest budowany zgodnie z zasadami oszczędzania energii. Specyfikacje obejmują ulepszoną serię termiczną aluminium, kuchnie projektowane na miarę, szeroką gamę importowanych płytek ceramicznych i marmurów oraz markową armaturę sanitarną. Przewidziano również instalacje pod centralne ogrzewanie i klimatyzację. Lokalizacja jest doskonałym wyborem mieszkaniowym, usytuowana w obszarze edukacyjnym Pafos, który szczyci się siedmioma szkołami w zasięgu 4 minut jazdy. Znajduje się zaledwie 3 minuty jazdy od Międzynarodowej Szkoły w Pafos, 5 minut od centrum Pafos i 5 minut od Szpitala Ogólnego w Pafos.","Mesoyi Residences предлагает уникальную возможность жить в сельской местности, наслаждаясь при этом всей современной инфраструктурой городской застройки. Расположенный в тихом сельском месте на площади более 35 000 квадратных метров, этот хорошо спроектированный проект может похвастаться тысячами квадратных метров благоустроенных зеленых зон. Комплекс включает более 80 элегантно спроектированных вилл, предлагая выбор различных стилей и размеров от 3 до 6 спален на любой вкус и бюджет. Жители могут наслаждаться потрясающими видами на окружающие горы, сельскую местность и море. Дополнительным опциональным преимуществом является просторная терраса на крыше с баром, идеально подходящая для наслаждения окружающими видами.

Проект отличается современным архитектурным дизайном и построен с учетом принципов энергосбережения. Спецификации включают модернизированные тепловые алюминиевые серии, индивидуальный дизайн кухни, широкий выбор импортной керамической плитки и мрамора, а также брендовую сантехнику. Также предусмотрены условия для центрального отопления и кондиционирования. Местоположение является идеальным выбором для проживания, находясь в образовательном районе Пафоса, который может похвастаться семью школами в пределах 4 минут езды. Это всего в 3 минутах езды от Международной школы Пафоса, в 5 минутах от центра Пафоса и в 5 минутах от Главной больницы Пафоса.",mesoyi-residences-00.jpeg,"mesoyi-residences-01.jpeg,mesoyi-residences-02.jpeg,mesoyi-residences-03.jpeg,mesoyi-residences-04.jpeg,mesoyi-residences-05.jpeg,mesoyi-residences-06.jpeg,mesoyi-residences-07.jpeg,mesoyi-residences-08.jpeg,mesoyi-residences-09.jpeg,mesoyi-residences-10.jpeg,mesoyi-residences-11.jpeg,mesoyi-residences-12.jpeg,mesoyi-residences-13.jpeg,mesoyi-residences-14.jpeg,mesoyi-residences-15.jpeg,mesoyi-residences-16.jpeg,mesoyi-residences-17.jpeg,mesoyi-residences-18.jpeg,mesoyi-residences-19.jpeg",Domenica Group,Domenica Group,Domenica Group,Domenica Group,,,,,,,,,,
orion-villas-domenica,2025-11-28T10:40Z,Orion Villas,Buy Luxury Villas in Paphos | Orion Villas for Sale,"Orion Villas – luxury villas for sale in Tala, Paphos. Panoramic sea views, private pool & modern design. Buy direct, no agency commission.","Orion Villas in Tala offers 10 exclusive homes (bungalows & 2-storey) with unobstructed sea views. Features include private overflowing pools, modern design, and proximity to Paphos center.",orion-villas-domenica,Orion Villas,Luxusvillen in Paphos kaufen | Orion Villas Zypern,"Orion Villas – exklusive Luxusvillen in Tala, Paphos. Meerblick, moderner Stil, privater Pool. Kaufen Sie direkt vom Bauträger – ohne Provision.","Orion Villas in Tala bietet 10 exklusive Häuser (Bungalows & 2-stöckig) mit unverbaubarem Meerblick. Merkmale: private Überlaufpools, modernes Design und Nähe zum Zentrum von Paphos.",orion-villas-domenica,Orion Villas,Kup luksusową willę w Pafos | Orion Villas Cypr,"Orion Villas – luksusowe wille w Tala, Pafos. Widok na morze, prywatny basen, nowoczesny design. Kup bezpośrednio, bez prowizji.","Orion Villas w Tala oferuje 10 ekskluzywnych domów (bungalowy i piętrowe) z niezakłóconym widokiem na morze. Cechy: prywatne baseny przelewowe, nowoczesny design i bliskość centrum Pafos.",orion-villas-domenica,Orion Villas,Купить виллу в Пафосе | Orion Villas на Кипре,"Orion Villas — современные виллы в Тале, Пафос. Панорамный вид на море, бассейн, современный дизайн. Без комиссии агентству.","Orion Villas в Тале предлагает 10 эксклюзивных домов (бунгало и 2-этажные) с беспрепятственным видом на море. Особенности: частные переливные бассейны, современный дизайн и близость к центру Пафоса.",orion-villas-domenica,34.82825339048961,32.43504487116392,Paphos,Villa,3,210,410-425,04-2026,855000,8,4,6,20,5,6,5,13,"Orion Villas is an exclusive boutique development comprising four elegant bungalows and six contemporary two-storey homes, set in Tala, one of Paphos’ most prestigious suburban areas. Thanks to the elevated natural terrain, every residence enjoys uninterrupted panoramic views across Paphos, Peyia, and the shimmering Mediterranean Sea. The project’s modern architectural design is harmoniously integrated into the surrounding landscape, maximizing interior space, natural light, and year-round comfort.

Each villa is positioned on a generous private plot and features a luxurious overflow swimming pool, enhancing the sense of privacy and resort-style living. Homes include 3 to 4 bedrooms and are built with energy-efficient principles in mind. Premium specifications elevate the experience, including upgraded thermal aluminum frames, custom-designed kitchens, a curated selection of imported ceramic tiles and marble finishes, and high-quality branded sanitary ware. Provisions for both central heating and A/C split units ensure effortless living in all seasons.

The location is exceptional — just a 4-minute drive from Paphos city center, Tala’s vibrant village square, the beach, and local golf facilities. Tala itself sits 7 kilometers north of Paphos, surrounded by natural beauty and conveniently close to Coral Bay Beach and Paphos International Airport.

Whether you are seeking a high-quality residence for personal use or a strong investment opportunity, Orion Villas delivers an outstanding blend of hillside tranquility, modern design, and prime accessibility.","Orion Villas ist ein exklusives und einzigartiges Projekt, das aus vier Bungalows und sechs zweistöckigen Häusern besteht und in den elitären Vororten von Tala, Paphos, liegt. Die natürliche Landschaft bietet jedem einzelnen Haus einen unverbaubaren Blick auf das Meer von Paphos und Peyia. Der moderne architektonische Ansatz verbindet das Projekt mit der natürlichen Umgebung und schafft geräumige und effiziente Innenbereiche. Die Bewohner können Überlauf-Swimmingpools auf großzügigen Grundstücken als freistehende Immobilien genießen. Die Villen verfügen über 3 bis 4 Schlafzimmer und sind als energiesparende Immobilien konzipiert. Zu den Spezifikationen gehören verbesserte thermische Aluminiumserien, maßgeschneiderte Küchendesigns, eine große Auswahl an importierten Keramikfliesen und Marmor sowie Marken-Sanitärkeramik. Vorkehrungen für Zentralheizung und Klimaanlage sind ebenfalls enthalten. Die Lage ist großartig, nur 4 Autominuten vom Zentrum von Paphos, dem Golfplatz von Tala, dem Strand und dem Dorfzentrum entfernt. Das Dorf Tala liegt 7 Kilometer nördlich des Stadtzentrums von Paphos in einer wunderschönen Naturlandschaft, in der Nähe des Strandes von Coral Bay und des internationalen Flughafens von Paphos. Ob Sie eine Investition oder Ihren privaten Wohnsitz suchen, Orion Villas ist die ideale Wahl.","Orion Villas to ekskluzywny i unikalny projekt składający się z czterech bungalowów i sześciu domów dwupiętrowych, położony w Tala, elitarnych przedmieściach Pafos. Naturalny krajobraz oferuje niezakłócone widoki na morze Pafos i Peyia dla każdego domu. Nowoczesne podejście architektoniczne łączy projekt z naturalnym środowiskiem i tworzy przestronne oraz funkcjonalne wnętrza. Mieszkańcy mogą cieszyć się basenami przelewowymi na dużych działkach jako nieruchomości wolnostojące. Wille posiadają od 3 do 4 sypialni i są zaprojektowane jako nieruchomości energooszczędne. Specyfikacje obejmują ulepszoną serię termiczną aluminium, kuchnie na wymiar, szeroki wybór importowanych płytek ceramicznych i marmurów oraz markową armaturę sanitarną. Przewidziano również instalacje pod centralne ogrzewanie i klimatyzację. Lokalizacja jest świetna, zaledwie 4 minuty jazdy od centrum Pafos, pola golfowego Tala, plaży i centrum wioski. Wioska Tala znajduje się 7 kilometrów na północ od centrum miasta Pafos w pięknym otoczeniu przyrody, blisko plaży Coral Bay i międzynarodowego lotniska w Pafos. Niezależnie od tego, czy szukasz inwestycji, czy prywatnej rezydencji, Orion Villas to idealny wybór.","Orion Villas — это эксклюзивный и уникальный проект, состоящий из четырех бунгало и шести двухэтажных домов, расположенный в Тале, элитном пригороде Пафоса. Природный ландшафт предлагает беспрепятственный вид на море Пафоса и Пейи каждому дому. Современный архитектурный подход гармонично вписывает проект в природную среду и создает просторные и эффективные внутренние зоны. Жители могут наслаждаться переливными бассейнами на щедрых участках в качестве отдельно стоящих объектов. Виллы имеют от 3 до 4 спален и спроектированы как энергосберегающая недвижимость. Спецификации включают модернизированные тепловые алюминиевые серии, индивидуальный дизайн кухни, широкий выбор импортной керамической плитки и мрамора, а также брендовую сантехнику. Также предусмотрены условия для центрального отопления и кондиционирования. Расположение великолепное, всего в 4 минутах езды от центра Пафоса, гольф-поля Тала, пляжа и центра деревни. Деревня Тала расположена в 7 километрах к северу от центра города Пафос в красивой природной зоне, недалеко от пляжа Корал Бэй и международного аэропорта Пафоса. Ищете ли вы инвестицию или частную резиденцию, Orion Villas — идеальный выбор.",orion-00.jpeg,"orion-01.jpeg,orion-02.jpeg,orion-03.jpeg,orion-04.jpeg,orion-05.jpeg,orion-06.jpeg,orion-07.jpeg,orion-08.jpeg,orion-09.jpeg,orion-10.jpeg,orion-11.jpeg",Domenica Group,Domenica Group,Domenica Group,Domenica Group,,,,,,,,,,
premier-residences-domenica,2025-11-28T10:40Z,Premier Residences,Buy Family Villas in Paphos | Premier Residences for Sale,"Premier Residences – 3-bedroom villas for sale in Emba, Paphos. Sea & mountain views, energy efficient homes. Buy direct – no agency fees.","Premier Residences in Emba offers 20 detached 3-4 bedroom villas with sea views. Features include 5KW solar system, energy class A, optional pool, and proximity to Paphos and the sea.",premier-residences-domenica,Premier Residences,Familienvillen in Paphos kaufen | Premier Residences,"Premier Residences – moderne Villen in Emba, Paphos zu verkaufen. Meerblick, Energieklasse A. Kaufen Sie direkt vom Bauträger – ohne Provision.","Premier Residences in Emba bietet 20 freistehende Villen mit 3-4 Schlafzimmern und Meerblick. Inklusive 5-kW-Solaranlage, Energieklasse A, optionalem Pool und Nähe zu Paphos und dem Meer.",premier-residences-domenica,Premier Residences,Kup nowoczesną willę w Pafos | Premier Residences Cypr,"Premier Residences – nowoczesne wille w Emba, Pafos. Widok na morze i góry, klasa energetyczna A. Kup bez pośredników i prowizji.","Premier Residences w Emba oferuje 20 wolnostojących willi z 3-4 sypialniami i widokiem na morze. Cechy: system solarny 5KW, klasa A, opcjonalny basen, bliskość Pafos i morza.",premier-residences-domenica,Premier Residences,Купить виллу в Пафосе | Premier Residences на Кипре,"Premier Residences — современные виллы в Эмбе, Пафос. Вид на море и горы, энергоэффективный дом. Покупка без комиссии агентству.","Premier Residences в Эмбе предлагает 20 отдельных вилл с 3-4 спальнями и видом на море. Включает солнечную систему 5 кВт, класс А, опциональный бассейн и близость к Пафосу и морю.",premier-residences-domenica,34.808859180752414,32.430809271163916,Paphos,Villa,3,191,355-395,04-2026,520000,4,1,3,20,6,4,5,15,"Welcome to Premier Residences — an exclusive ensemble of twenty detached family homes situated in the peaceful and charming community of Emba, Paphos. Designed for those seeking year-round living in a serene yet well-connected neighborhood, this development blends quiet residential comfort with the conveniences of modern life. Premier Residences offers contemporary family homes crafted to elevate everyday living, providing a refined balance of style, functionality, and elegance. Set within a warm and welcoming community, residents can experience the authentic Cypriot lifestyle while enjoying all the benefits of a thoughtfully planned modern neighborhood.

The villas showcase contemporary architectural design and come in 3- or 4-bedroom configurations, each set on a generous, private plot. As fully detached homes, they offer expansive mountain and sea views, creating a sense of openness and connection to nature. High-end specifications include Energy Efficiency Class A, upgraded thermal aluminum systems, and custom-designed kitchens. Interiors are enhanced with a curated selection of imported ceramic tiles, marble touches, and premium branded sanitary ware.

Embracing modern sustainability, every villa is equipped with a 5 kW photovoltaic system, along with provisions for central heating and an electric vehicle charging point. Outdoor living is equally prioritized — each home includes a built-in BBQ bench and the option to add a private swimming pool. Security and comfort are reinforced by the inclusion of an entrance gate.

Emba’s excellent location provides effortless access to daily services and amenities. Schools, shops, entertainment venues, and essential facilities are just a short drive away, making this development especially appealing to families. Paphos town center and Paphos International Airport are both within easy reach, while the sparkling Mediterranean coastline lies only 3 km away, offering residents quick access to beaches and seaside leisure.

Premier Residences delivers the perfect blend of tranquility, practicality, and modern Mediterranean living — an ideal choice for permanent residence or long-term investment.","Willkommen bei Premier Residences, einer exklusiven Kollektion von zwanzig freistehenden Einfamilienhäusern im charmanten Viertel Emba in Paphos. Dieses Projekt lädt Sie ein, die Freuden eines dauerhaften Wohnsitzes an einem ruhigen und begehrten Ort zu genießen, an dem eine heitere Atmosphäre auf modernen Komfort trifft. Premier Residences präsentiert durchdacht gestaltete Familienhäuser, die den Bedürfnissen des zeitgenössischen Lebens entsprechen und Ihnen ein neues Niveau an Komfort und Eleganz bieten. Die Anlage befindet sich in einer freundlichen Gemeinschaft, in der Sie in die lokale Kultur eintauchen und die authentische zypriotische Lebensweise genießen können.

Die Villen bestechen durch ein zeitgenössisches architektonisches Design und sind mit 3 bis 4 Schlafzimmern auf großzügigen Grundstücken erhältlich. Jede Immobilie ist ein freistehendes Haus, das einen Panoramablick auf das Meer und die Berge bietet. Zu den hochwertigen Spezifikationen gehören die Energieeffizienzklasse A, verbesserte thermische Aluminiumserien und maßgeschneiderte Küchendesigns. Die Innenräume sind mit einer großen Auswahl an importierten Keramikfliesen und Marmor sowie Marken-Sanitärkeramik ausgestattet.

Für moderne Nachhaltigkeit und Komfort verfügt jede Villa über eine 5-kW-Solaranlage, Vorkehrungen für eine Zentralheizung und eine Vorrichtung für ein Ladegerät für Elektroautos. Das Leben im Freien wird durch eine Grillbank und die Option auf einen privaten Swimmingpool bereichert. Das Projekt verfügt außerdem über ein Eingangstor für zusätzliche Sicherheit.

Genießen Sie die Bequemlichkeit der erstklassigen Lage von Emba, die einfachen Zugang zu wichtigen Annehmlichkeiten und Dienstleistungen bietet. Nur eine kurze Autofahrt entfernt finden Sie Schulen, Geschäfte und Freizeiteinrichtungen, was Premier Residences zu einer idealen Wahl für Familien macht. Die lebhafte Stadt Paphos und der internationale Flughafen Paphos sind nur eine kurze Autofahrt entfernt, während das azurblaue Wasser des Mittelmeers nur 3 km entfernt ist.","Witamy w Premier Residences, ekskluzywnej kolekcji dwudziestu wolnostojących domów jednorodzinnych położonych w uroczej dzielnicy Emba w Pafos. Ten projekt zaprasza do cieszenia się radością stałego zamieszkania w spokojnej i poszukiwanej lokalizacji, gdzie pogodna atmosfera spotyka się z nowoczesną wygodą. Premier Residences prezentuje przemyślanie zaprojektowane domy rodzinne, które zaspokajają potrzeby współczesnego życia, pozwalając odkryć nowy poziom komfortu i elegancji. Inwestycja znajduje się w przyjaznej społeczności, gdzie można zanurzyć się w lokalnej kulturze i przyjąć autentyczny cypryjski styl życia.

Wille charakteryzują się współczesnym projektem architektonicznym i są dostępne w wariantach z 3 do 4 sypialniami, usytuowane na dużych działkach. Każda nieruchomość to wolnostojący dom oferujący panoramiczne widoki na morze i góry. Wysokiej jakości specyfikacje obejmują klasę efektywności energetycznej A, ulepszoną serię termiczną aluminium oraz kuchnie projektowane na miarę. Wnętrza wykończone są szeroką gamą importowanych płytek ceramicznych i marmurów, a także markową armaturą sanitarną.

Dla nowoczesnego zrównoważonego rozwoju i wygody, każda willa wyposażona jest w system solarny 5KW, instalacje pod centralne ogrzewanie oraz instalację pod ładowarkę do samochodów elektrycznych. Życie na świeżym powietrzu uatrakcyjnia ławka BBQ oraz opcja prywatnego basenu. Projekt posiada również bramę wjazdową dla zwiększenia bezpieczeństwa.

Ciesz się wygodą doskonałej lokalizacji Emba, oferującej łatwy dostęp do niezbędnych udogodnień i usług. W odległości krótkiej przejażdżki znajdują się szkoły, sklepy i obiekty rekreacyjne, co czyni Premier Residences idealnym wyborem dla rodzin. Tętniące życiem miasto Pafos i międzynarodowe lotnisko w Pafos znajdują się zaledwie kilka minut jazdy od obiektu, a lazurowe wody Morza Śródziemnego są oddalone o zaledwie 3 km.","Добро пожаловать в Premier Residences, эксклюзивную коллекцию из двадцати отдельно стоящих семейных домов, расположенных в очаровательном районе Эмба, Пафос. Этот проект приглашает вас насладиться радостями постоянного проживания в тихом и востребованном месте, где безмятежная атмосфера сочетается с современным удобством. Premier Residences представляет тщательно спроектированные семейные дома, отвечающие потребностям современной жизни, позволяя вам открыть для себя новый уровень комфорта и элегантности. Комплекс расположен в дружелюбном сообществе, где вы можете погрузиться в местную культуру и принять аутентичный кипрский образ жизни.

Виллы отличаются современным архитектурным дизайном и доступны с 3-4 спальнями, располагаясь на просторных участках. Каждая недвижимость представляет собой отдельно стоящий дом с панорамным видом на море и горы. Высококачественные характеристики включают класс энергоэффективности А, модернизированную серию термального алюминия и индивидуальный дизайн кухни. Интерьеры отделаны широким ассортиментом импортной керамической плитки и мрамора, а также брендовой сантехникой.

Для современной устойчивости и удобства каждая вилла оснащена солнечной системой мощностью 5 кВт, выводами для центрального отопления и выводом для зарядного устройства электромобиля. Жизнь на свежем воздухе дополняется скамьей для барбекю и возможностью установки частного бассейна. Проект также оснащен въездными воротами для дополнительной безопасности.

Наслаждайтесь удобством превосходного расположения Эмбы, предлагающего легкий доступ к основным удобствам и услугам. В нескольких минутах езды вы найдете школы, магазины и развлекательные заведения, что делает Premier Residences идеальным выбором для семей. Оживленный город Пафос и международный аэропорт Пафоса находятся всего в нескольких минутах езды, а лазурные воды Средиземного моря — всего в 3 км.",premier-00.jpeg,"premier-01.jpeg,premier-02.jpeg,premier-03.jpeg,premier-04.jpeg,premier-05.jpeg,premier-06.jpeg,premier-07.jpeg,premier-08.jpeg,premier-09.jpeg,premier-10.jpeg",Domenica Group,Domenica Group,Domenica Group,Domenica Group,,,,,,,,,,